row	depth	verdict	method	seconds	max_entry	witness_L0	witness_L1	exact_lp	exact_infeasible	deletions_covered	fp_levels_tried
46731	21	REALIZABLE	walk	1.79	1024	yes	yes				
69368	20	REALIZABLE	walk	16.63	64	yes	yes				
69566	17	REALIZABLE	walk	16.21	256	yes	yes				
69816	15	REALIZABLE	walk	1.60	262144	yes	yes				
118764	18	REALIZABLE	store_walk	0.96	256	yes	yes				
128257	18	REALIZABLE	walk	4.99	1024	yes	yes				
129082	23	REALIZABLE	walk	14.96	1024	yes	yes				
161446	17	REALIZABLE	walk	1.59	16384	yes	yes				
176370	19	REALIZABLE	walk	2.42	1024	yes	yes				
220350	18	REALIZABLE	fresh	1.55	1024	yes	yes				
242592	20	REALIZABLE	walk	2.66	1024	yes	yes				
254042	22	REALIZABLE	walk	7.15	16384	yes	yes				
272814	19	REALIZABLE	walk	9.42	16384	yes	yes				
274772	17	REALIZABLE	walk	2.83	64	yes	yes				
282184	20	REALIZABLE	walk	3.96	256	yes	yes				
303394	19	REALIZABLE	walk	32.75	8192	yes	yes				
317216	26	REALIZABLE	walk	4.55	1024	yes	yes				
319785	18	REALIZABLE	store_walk	0.88	1024	yes	yes				
331960	19	REALIZABLE	store_walk	0.73	1024	yes	yes				
338300	17	REALIZABLE	walk	23.29	1024	yes	yes				
357940	19	REALIZABLE	walk	10.99	1024	yes	yes				
362222	18	REALIZABLE	walk	6.49	1024	yes	yes				
367890	19	REALIZABLE	walk	7.22	16384	yes	yes				
375712	20	REALIZABLE	walk	29.39	1024	yes	yes				
383472	15	REALIZABLE	walk	35.19	1024	yes	yes				
461608	23	REALIZABLE	walk	2.64	1024	yes	yes				
471533	21	REALIZABLE	walk	2.79	16384	yes	yes				
479804	20	REALIZABLE	walk	1.38	64	yes	yes				
482339	17	REALIZABLE	fresh	1.07	1024	yes	yes				
541044	24	REALIZABLE	walk	17.02	16384	yes	yes				
560157	15	REALIZABLE	walk	6.07	1024	yes	yes				
563127	19	REALIZABLE	walk	9.20	1024	yes	yes				
586623	16	REALIZABLE	walk	4.63	8192	yes	yes				
595394	15	REALIZABLE	walk	8.88	1024	yes	yes				
604909	18	REALIZABLE	walk	2.52	262144	yes	yes				
612224	18	REALIZABLE	walk	29.90	256	yes	yes				
635791	24	REALIZABLE	walk	38.59	1024	yes	yes				
638582	20	REALIZABLE	walk	2.74	1024	yes	yes				
699735	20	REALIZABLE	walk	3.25	1024	yes	yes				
705805	18	REALIZABLE	walk	1.51	512	yes	yes				
710482	17	REALIZABLE	walk	3.41	16384	yes	yes				
711053	17	REALIZABLE	walk	2.55	512	yes	yes				
746892	18	REALIZABLE	walk	1.45	16384	yes	yes				
761880	18	REALIZABLE	walk	5.43	1024	yes	yes				
771844	18	REALIZABLE	walk	2.11	131072	yes	yes				
777026	21	REALIZABLE	walk	19.99	1024	yes	yes				
785797	15	REALIZABLE	walk	30.50	1024	yes	yes				
801301	21	REALIZABLE	walk	20.76	64	yes	yes				
802666	19	REALIZABLE	fresh	2.00	1024	yes	yes				
828175	21	REALIZABLE	store	1.22	1024	yes	yes				
849936	23	REALIZABLE	walk	2.67	1024	yes	yes				
865559	15	REALIZABLE	walk	1.90	1024	yes	yes				
902448	16	REALIZABLE	walk	1.06	64	yes	yes				
910517	17	REALIZABLE	walk	1.08	1024	yes	yes				
922831	21	REALIZABLE	walk	2.37	1024	yes	yes				
950263	15	REALIZABLE	walk	3.92	16384	yes	yes				
954944	19	REALIZABLE	walk	5.07	16384	yes	yes				
977620	18	REALIZABLE	walk	4.14	16384	yes	yes				
991473	21	REALIZABLE	walk	4.33	1024	yes	yes				
998077	19	REALIZABLE	walk	5.70	1024	yes	yes				
998211	21	REALIZABLE	store	1.13	256	yes	yes				
1004217	18	REALIZABLE	walk	1.53	1024	yes	yes				
1005826	21	REALIZABLE	walk	20.26	16384	yes	yes				
1037864	21	REALIZABLE	walk	2.09	1024	yes	yes				
1041960	19	REALIZABLE	walk	44.61	1024	yes	yes				
1084812	24	REALIZABLE	walk	34.20	1024	yes	yes				
1097568	18	REALIZABLE	walk	5.26	16384	yes	yes				
1102214	20	REALIZABLE	store_walk	1.15	64	yes	yes				
1114374	19	REALIZABLE	walk	2.36	1024	yes	yes				
1132081	19	REALIZABLE	store_walk	1.56	64	yes	yes				
1152258	18	REALIZABLE	walk	22.19	16384	yes	yes				
1164918	16	REALIZABLE	walk	0.94	64	yes	yes				
1170862	19	REALIZABLE	walk	2.88	64	yes	yes				
1182996	22	REALIZABLE	walk	6.54	1024	yes	yes				
1200032	15	REALIZABLE	walk	8.71	16384	yes	yes				
1202926	21	REALIZABLE	walk	5.90	16384	yes	yes				
1207981	19	REALIZABLE	fresh	0.97	16384	yes	yes				
1208882	19	REALIZABLE	walk	4.36	64	yes	yes				
1213079	16	REALIZABLE	walk	11.71	262144	yes	yes				
1242292	22	REALIZABLE	walk	1.95	262144	yes	yes				
1246075	18	REALIZABLE	walk	23.75	1024	yes	yes				
1260426	18	REALIZABLE	walk	32.74	16384	yes	yes				
1278069	15	REALIZABLE	walk	14.28	16384	yes	yes				
1303828	21	REALIZABLE	walk	16.73	16384	yes	yes				
1321961	16	REALIZABLE	store	0.76	64	yes	yes				
1329822	20	REALIZABLE	walk	92.38	1024	yes	yes				
1338010	22	REALIZABLE	walk	17.01	16384	yes	yes				
1341479	21	REALIZABLE	walk	29.67	8192	yes	yes				
1345534	17	REALIZABLE	fresh	1.01	16384	yes	yes				
1351088	19	REALIZABLE	store_walk	1.88	8192	yes	yes				
1372417	19	REALIZABLE	store	1.74	1024	yes	yes				
1407171	16	REALIZABLE	walk	20.32	1024	yes	yes				
1419655	17	REALIZABLE	walk	4.59	16384	yes	yes				
1428097	23	REALIZABLE	walk	35.80	1024	yes	yes				
1430412	21	REALIZABLE	walk	8.53	1024	yes	yes				
1430874	20	REALIZABLE	store	0.89	4096	yes	yes				
1437575	20	REALIZABLE	walk	7.33	1024	yes	yes				
1481122	23	REALIZABLE	store_walk	1.04	64	yes	yes				
1482377	18	REALIZABLE	walk	48.47	1024	yes	yes				
1485575	21	REALIZABLE	walk	2.15	1024	yes	yes				
1486611	15	REALIZABLE	walk	0.98	256	yes	yes				
1504477	17	REALIZABLE	walk	1.21	1024	yes	yes				
1510131	15	REALIZABLE	walk	24.75	1024	yes	yes				
1514892	16	REALIZABLE	walk	4.14	1024	yes	yes				
1518293	17	REALIZABLE	walk	16.49	1024	yes	yes				
1544603	22	REALIZABLE	walk	10.53	1024	yes	yes				
1555339	18	REALIZABLE	walk	3.07	16384	yes	yes				
1577209	20	REALIZABLE	store	0.97	1024	yes	yes				
1592644	21	REALIZABLE	walk	1.71	64	yes	yes				
1650169	19	REALIZABLE	walk	3.15	16384	yes	yes				
1674635	20	REALIZABLE	walk	2.23	16384	yes	yes				
1684953	17	REALIZABLE	walk	3.98	262144	yes	yes				
1697361	21	REALIZABLE	walk	13.16	1024	yes	yes				
1702648	18	REALIZABLE	fresh	1.29	1024	yes	yes				
1705788	19	REALIZABLE	walk	3.47	1024	yes	yes				
1711280	19	REALIZABLE	walk	8.07	1024	yes	yes				
1761704	21	REALIZABLE	walk	50.18	16384	yes	yes				
1766203	18	REALIZABLE	walk	4.57	16384	yes	yes				
1769360	16	REALIZABLE	walk	21.48	1024	yes	yes				
1771198	19	REALIZABLE	walk	9.26	1024	yes	yes				
1774140	17	REALIZABLE	walk	26.22	16384	yes	yes				
1790566	21	REALIZABLE	walk	2.97	64	yes	yes				
1791359	20	REALIZABLE	walk	2.47	16384	yes	yes				
1805687	21	REALIZABLE	walk	1.88	1024	yes	yes				
1841418	19	REALIZABLE	walk	18.28	1024	yes	yes				
1857375	20	REALIZABLE	walk	25.85	16384	yes	yes				
1862494	17	REALIZABLE	walk	3.34	64	yes	yes				
1865511	16	REALIZABLE	walk	21.18	1024	yes	yes				
1872381	18	REALIZABLE	walk	3.15	16384	yes	yes				
1875632	24	REALIZABLE	walk	29.48	16384	yes	yes				
1886053	22	REALIZABLE	walk	5.29	1024	yes	yes				
1891741	21	REALIZABLE	walk	12.66	1024	yes	yes				
1909005	20	REALIZABLE	walk	3.22	1024	yes	yes				
1922968	21	REALIZABLE	walk	4.42	1024	yes	yes				
1923081	18	REALIZABLE	walk	2.90	256	yes	yes				
1934773	21	REALIZABLE	walk	1.49	1024	yes	yes				
1940365	19	REALIZABLE	walk	35.17	1024	yes	yes				
1963286	21	REALIZABLE	walk	3.21	16384	yes	yes				
1969147	20	REALIZABLE	walk	1.95	1024	yes	yes				
1983462	19	REALIZABLE	walk	10.39	1024	yes	yes				
1988690	17	REALIZABLE	walk	15.38	1024	yes	yes				
1989477	16	REALIZABLE	walk	19.66	64	yes	yes				
2008328	19	REALIZABLE	walk	2.24	1024	yes	yes				
2016110	17	REALIZABLE	walk	5.65	8192	yes	yes				
2069473	18	REALIZABLE	walk	7.48	16384	yes	yes				
2075101	20	REALIZABLE	walk	31.11	512	yes	yes				
2078423	20	REALIZABLE	walk	1.59	1024	yes	yes				
2081164	20	REALIZABLE	store_walk	1.47	16384	yes	yes				
2081170	18	REALIZABLE	walk	2.90	1024	yes	yes				
2091742	19	REALIZABLE	walk	43.20	16384	yes	yes				
2126752	14	REALIZABLE	store	0.59	1024	yes	yes				
2141986	19	REALIZABLE	walk	17.99	1024	yes	yes				
2155979	19	REALIZABLE	walk	4.82	16384	yes	yes				
2164183	19	REALIZABLE	walk	3.07	16384	yes	yes				
2183269	18	REALIZABLE	fresh	1.28	1024	yes	yes				
2188427	20	REALIZABLE	walk	9.01	1024	yes	yes				
2204680	20	REALIZABLE	walk	2.25	1024	yes	yes				
2204739	18	REALIZABLE	store	1.22	256	yes	yes				
2218209	17	REALIZABLE	walk	3.89	1024	yes	yes				
2239264	19	REALIZABLE	walk	14.08	1024	yes	yes				
2246262	14	REALIZABLE	store_walk	0.25	1024	yes	yes				
2282929	19	REALIZABLE	walk	9.83	1024	yes	yes				
2297105	18	REALIZABLE	fresh	2.23	16384	yes	yes				
2308629	20	REALIZABLE	walk	3.62	1024	yes	yes				
2334901	19	REALIZABLE	walk	3.33	1024	yes	yes				
2337131	19	REALIZABLE	walk	11.45	1024	yes	yes				
2367423	19	REALIZABLE	walk	4.90	1024	yes	yes				
2383063	18	REALIZABLE	store	0.99	4096	yes	yes				
2400626	18	REALIZABLE	walk	178.68	1024	yes	yes				
2403470	18	REALIZABLE	store_walk	1.19	1024	yes	yes				
2422219	17	REALIZABLE	walk	37.03	1024	yes	yes				
2432532	19	REALIZABLE	fresh	2.79	1024	yes	yes				
2444483	17	REALIZABLE	walk	10.97	16384	yes	yes				
2472030	16	REALIZABLE	store_walk	0.40	1024	yes	yes				
2533674	21	REALIZABLE	walk	9.04	1024	yes	yes				
2540731	17	REALIZABLE	walk	2.10	1024	yes	yes				
2569376	22	REALIZABLE	walk	5.59	1024	yes	yes				
2579493	20	REALIZABLE	walk	2.98	1024	yes	yes				
2595537	17	REALIZABLE	walk	8.97	1024	yes	yes				
2605311	19	REALIZABLE	walk	2.22	16384	yes	yes				
2610382	22	REALIZABLE	store_walk	1.18	16384	yes	yes				
2614882	21	REALIZABLE	walk	3.31	16384	yes	yes				
2616175	17	REALIZABLE	walk	2.15	2048	yes	yes				
2621036	20	REALIZABLE	walk	29.79	16384	yes	yes				
2635483	15	REALIZABLE	fresh	0.19	512	yes	yes				
2639833	21	REALIZABLE	fresh	1.89	1024	yes	yes				
2654739	20	REALIZABLE	store	1.42	256	yes	yes				
2661356	21	REALIZABLE	walk	19.68	1024	yes	yes				
2664774	22	REALIZABLE	walk	2.34	1024	yes	yes				
2672675	18	REALIZABLE	walk	3.61	16384	yes	yes				
2706717	17	REALIZABLE	walk	3.90	16384	yes	yes				
2717208	21	REALIZABLE	walk	5.53	1024	yes	yes				
2717342	20	REALIZABLE	store_walk	1.22	64	yes	yes				
2718178	19	REALIZABLE	walk	1.55	4096	yes	yes				
2725178	23	REALIZABLE	fresh	1.98	1024	yes	yes				
2750734	19	REALIZABLE	walk	6.47	1024	yes	yes				
2765699	17	REALIZABLE	store_walk	1.12	131072	yes	yes				
2781558	20	REALIZABLE	walk	3.51	262144	yes	yes				
2795558	20	REALIZABLE	walk	5.92	8192	yes	yes				
2797208	19	REALIZABLE	walk	8.79	64	yes	yes				
2808879	19	REALIZABLE	walk	4.86	16384	yes	yes				
2818124	18	REALIZABLE	walk	3.59	1024	yes	yes				
2821417	20	REALIZABLE	walk	13.37	64	yes	yes				
2830887	19	REALIZABLE	store	0.84	4096	yes	yes				
2890345	18	REALIZABLE	walk	20.72	16384	yes	yes				
2905158	18	REALIZABLE	walk	2.46	8192	yes	yes				
2917082	23	REALIZABLE	walk	10.48	16384	yes	yes				
2927497	16	REALIZABLE	walk	1.42	256	yes	yes				
2955134	23	REALIZABLE	walk	2.41	16384	yes	yes				
2963994	17	REALIZABLE	walk	6.68	1024	yes	yes				
2971832	21	REALIZABLE	store_walk	1.18	256	yes	yes				
2972286	16	REALIZABLE	walk	1.09	1024	yes	yes				
3008848	19	REALIZABLE	store_walk	1.29	1024	yes	yes				
3028937	19	REALIZABLE	walk	36.54	1024	yes	yes				
3032526	20	REALIZABLE	walk	2.41	1024	yes	yes				
3049200	19	REALIZABLE	walk	115.89	1024	yes	yes				
3052236	20	REALIZABLE	walk	18.11	1024	yes	yes				
3072854	20	REALIZABLE	walk	13.71	16384	yes	yes				
3102244	21	REALIZABLE	walk	1.88	4096	yes	yes				
3109487	20	REALIZABLE	walk	2.04	1024	yes	yes				
3110852	18	REALIZABLE	store_walk	1.17	256	yes	yes				
3133872	16	REALIZABLE	walk	45.26	16384	yes	yes				
3144919	17	REALIZABLE	walk	2.46	1024	yes	yes				
3145203	18	REALIZABLE	walk	4.46	16384	yes	yes				
3169660	19	REALIZABLE	walk	92.46	1024	yes	yes				
3172786	18	REALIZABLE	walk	23.64	16384	yes	yes				
3180653	19	REALIZABLE	walk	5.65	16384	yes	yes				
3191077	21	REALIZABLE	walk	4.02	8192	yes	yes				
3193338	16	REALIZABLE	store	0.17	4096	yes	yes				
3193344	19	REALIZABLE	walk	9.92	1024	yes	yes				
3202535	16	REALIZABLE	walk	9.89	64	yes	yes				
3242686	18	REALIZABLE	walk	43.23	8192	yes	yes				
3258103	16	REALIZABLE	fresh	1.23	64	yes	yes				
3271807	24	REALIZABLE	walk	3.67	16384	yes	yes				
3281611	19	REALIZABLE	walk	4.45	1024	yes	yes				
3281692	22	REALIZABLE	walk	32.22	1024	yes	yes				
3300476	20	REALIZABLE	walk	1.26	1024	yes	yes				
3309238	19	REALIZABLE	walk	20.55	16384	yes	yes				
3311701	26	REALIZABLE	walk	15.14	1024	yes	yes				
3329017	19	REALIZABLE	store	0.69	4096	yes	yes				
3343276	17	REALIZABLE	walk	2.52	256	yes	yes				
3355052	19	REALIZABLE	walk	1.85	1024	yes	yes				
3375322	18	REALIZABLE	walk	42.36	1024	yes	yes				
3380682	16	REALIZABLE	walk	15.13	1024	yes	yes				
3388902	19	REALIZABLE	walk	1.94	512	yes	yes				
3404375	21	REALIZABLE	walk	1.33	1024	yes	yes				
3485456	20	REALIZABLE	walk	14.05	16384	yes	yes				
3496132	19	REALIZABLE	walk	6.24	1024	yes	yes				
3497798	19	REALIZABLE	walk	7.90	1024	yes	yes				
3569788	24	REALIZABLE	walk	1.93	1024	yes	yes				
3572151	15	REALIZABLE	walk	0.75	1024	yes	yes				
3584761	18	REALIZABLE	walk	10.79	1024	yes	yes				
3584854	19	REALIZABLE	walk	4.85	1024	yes	yes				
3610937	19	REALIZABLE	fresh	2.27	512	yes	yes				
3611074	18	REALIZABLE	walk	3.32	1024	yes	yes				
3615914	19	REALIZABLE	walk	12.61	262144	yes	yes				
3639895	18	REALIZABLE	walk	42.36	262144	yes	yes				
3640543	21	REALIZABLE	walk	2.97	16384	yes	yes				
3644142	19	REALIZABLE	walk	79.74	1024	yes	yes				
3654633	18	REALIZABLE	walk	6.22	1024	yes	yes				
3654683	21	REALIZABLE	walk	12.19	1024	yes	yes				
3673625	18	REALIZABLE	walk	17.97	1024	yes	yes				
3674773	17	REALIZABLE	store_walk	1.53	8192	yes	yes				
3674842	22	REALIZABLE	walk	7.92	1024	yes	yes				
3718175	16	REALIZABLE	walk	2.89	16384	yes	yes				
3745519	15	REALIZABLE	store	0.58	4096	yes	yes				
3753992	21	REALIZABLE	walk	17.61	8192	yes	yes				
3758360	18	REALIZABLE	walk	21.37	1024	yes	yes				
3773519	20	REALIZABLE	walk	1.61	1024	yes	yes				
3793011	18	REALIZABLE	walk	1.80	262144	yes	yes				
3797119	19	REALIZABLE	walk	4.14	1024	yes	yes				
3816617	17	REALIZABLE	walk	20.29	1024	yes	yes				
3820504	21	REALIZABLE	walk	20.56	1024	yes	yes				
3820584	20	REALIZABLE	walk	12.06	1024	yes	yes				
3840632	16	REALIZABLE	walk	2.74	1024	yes	yes				
3842585	15	REALIZABLE	walk	1.30	1024	yes	yes				
3843947	20	REALIZABLE	walk	24.78	512	yes	yes				
3848412	18	REALIZABLE	store	1.28	256	yes	yes				
3885899	16	REALIZABLE	walk	1.39	1024	yes	yes				
3925297	18	REALIZABLE	walk	3.17	262144	yes	yes				
3927725	22	REALIZABLE	walk	2.78	1024	yes	yes				
3942006	19	REALIZABLE	walk	2.98	1024	yes	yes				
3942144	18	REALIZABLE	store_walk	1.16	512	yes	yes				
3951870	18	REALIZABLE	walk	21.33	1024	yes	yes				
3956638	18	REALIZABLE	walk	8.89	1024	yes	yes				
3969889	16	REALIZABLE	walk	1.95	16384	yes	yes				
3992924	19	REALIZABLE	walk	161.82	16384	yes	yes	31542	31542	9	
4005296	17	REALIZABLE	walk	4.40	1024	yes	yes				
4018483	20	REALIZABLE	fresh	40.42	512	yes	yes				
4027379	21	REALIZABLE	walk	10.97	1024	yes	yes				
4032009	19	REALIZABLE	store	1.37	512	yes	yes				
4050361	18	REALIZABLE	walk	2.85	16384	yes	yes				
4056527	19	REALIZABLE	walk	4.85	1024	yes	yes				
4059162	24	REALIZABLE	walk	2.26	1024	yes	yes				
4066535	16	REALIZABLE	walk	9.50	1024	yes	yes				
4066558	18	REALIZABLE	walk	23.27	1024	yes	yes				
4067790	23	REALIZABLE	walk	5.11	16384	yes	yes				
4068824	18	REALIZABLE	walk	2.35	1024	yes	yes				
4091957	19	REALIZABLE	store	1.34	32	yes	yes				
4099514	15	REALIZABLE	store	0.63	4096	yes	yes				
4107985	19	REALIZABLE	walk	3.90	1024	yes	yes				
4125921	17	REALIZABLE	walk	3.35	1024	yes	yes				
4126892	21	REALIZABLE	walk	8.64	1024	yes	yes				
4133159	20	REALIZABLE	walk	44.20	1024	yes	yes				
4164751	17	REALIZABLE	walk	11.64	16384	yes	yes				
4166868	22	REALIZABLE	fresh	1.72	4096	yes	yes				
4176085	18	REALIZABLE	store_walk	1.17	256	yes	yes				
4212492	21	REALIZABLE	walk	8.38	16384	yes	yes				
4215145	22	REALIZABLE	walk	3.67	1024	yes	yes				
4216348	18	REALIZABLE	walk	15.31	16384	yes	yes				
4218710	17	REALIZABLE	walk	3.24	1024	yes	yes				
4242067	19	REALIZABLE	walk	2.87	1024	yes	yes				
4252898	18	REALIZABLE	walk	1.60	1024	yes	yes				
4266114	19	REALIZABLE	walk	1.86	16384	yes	yes				
4289821	15	REALIZABLE	walk	3.94	1024	yes	yes				
4290333	17	REALIZABLE	walk	3.56	1024	yes	yes				
4298243	19	REALIZABLE	store_walk	1.54	64	yes	yes				
4305048	19	REALIZABLE	walk	31.99	16384	yes	yes				
4310721	17	REALIZABLE	store_walk	1.29	2048	yes	yes				
4319814	21	REALIZABLE	store	1.79	4096	yes	yes				
4334536	20	REALIZABLE	walk	35.70	1024	yes	yes				
4357916	16	REALIZABLE	walk	1.01	1024	yes	yes				
4364287	18	REALIZABLE	walk	1.54	1024	yes	yes				
4373774	20	REALIZABLE	walk	8.84	1024	yes	yes				
4405516	15	REALIZABLE	walk	5.23	1024	yes	yes				
4451161	17	REALIZABLE	walk	25.64	1024	yes	yes				
4454084	17	REALIZABLE	walk	2.03	1024	yes	yes				
4456288	19	REALIZABLE	walk	46.62	1024	yes	yes				
4468620	19	REALIZABLE	store_walk	1.05	256	yes	yes				
4475757	18	REALIZABLE	walk	2.18	1024	yes	yes				
4487690	16	REALIZABLE	walk	16.69	8192	yes	yes				
4500573	15	REALIZABLE	walk	2.72	1024	yes	yes				
4517357	19	REALIZABLE	store_walk	1.20	4096	yes	yes				
4541944	18	REALIZABLE	walk	1.40	16384	yes	yes				
4546369	16	REALIZABLE	store_walk	0.44	16384	yes	yes				
4555132	17	REALIZABLE	walk	156.99	262144	yes	yes				
4568826	20	REALIZABLE	walk	14.59	64	yes	yes				
4570179	22	REALIZABLE	walk	2.45	16384	yes	yes				
4603165	19	REALIZABLE	walk	1.50	16384	yes	yes				
4638320	20	REALIZABLE	walk	7.78	1024	yes	yes				
4655856	20	REALIZABLE	walk	17.92	1024	yes	yes				
4656434	17	REALIZABLE	walk	5.96	1024	yes	yes				
4660787	19	REALIZABLE	walk	21.13	16384	yes	yes				
4699676	20	REALIZABLE	walk	4.72	1024	yes	yes				
4748789	15	REALIZABLE	store_walk	0.31	4096	yes	yes				
4764650	20	REALIZABLE	walk	6.50	256	yes	yes				
4769844	17	REALIZABLE	walk	2.69	1024	yes	yes				
4779869	18	REALIZABLE	store_walk	3.28	16384	yes	yes				
4781467	19	REALIZABLE	walk	8.99	1024	yes	yes				
4804428	22	REALIZABLE	fresh	1.36	512	yes	yes				
4811069	19	REALIZABLE	walk	1.40	262144	yes	yes				
4824476	23	REALIZABLE	walk	34.03	1024	yes	yes				
4829527	19	REALIZABLE	fresh	1.29	16384	yes	yes				
4829901	20	REALIZABLE	walk	4.59	1024	yes	yes				
4836120	17	REALIZABLE	walk	2.48	16384	yes	yes				
4857807	20	REALIZABLE	walk	18.29	16384	yes	yes				
4869075	19	REALIZABLE	walk	11.36	16384	yes	yes				
4869658	22	REALIZABLE	walk	6.92	1024	yes	yes				
4869659	21	REALIZABLE	walk	1.17	1024	yes	yes				
4873812	18	REALIZABLE	walk	4.83	1024	yes	yes				
4979988	20	REALIZABLE	store_walk	1.21	16384	yes	yes				
4993531	15	REALIZABLE	walk	6.43	16384	yes	yes				
5000657	17	REALIZABLE	walk	1.73	262144	yes	yes				
5026440	19	REALIZABLE	walk	25.35	16384	yes	yes				
5026671	18	REALIZABLE	walk	2.69	1024	yes	yes				
5026863	17	REALIZABLE	walk	1.82	16384	yes	yes				
5057183	23	REALIZABLE	fresh	1.92	1024	yes	yes				
5062436	15	REALIZABLE	store_walk	0.65	1024	yes	yes				
5083477	19	REALIZABLE	walk	8.08	1024	yes	yes				
5100633	16	REALIZABLE	walk	4.48	8192	yes	yes				
5101034	19	REALIZABLE	walk	10.02	1024	yes	yes				
5115025	21	REALIZABLE	walk	8.72	16384	yes	yes				
5159768	16	REALIZABLE	walk	1.43	1024	yes	yes				
5178084	17	REALIZABLE	store_walk	2.99	1024	yes	yes				
5193545	16	REALIZABLE	walk	4.98	64	yes	yes				
5236613	19	REALIZABLE	walk	41.28	1024	yes	yes				
5246735	18	REALIZABLE	walk	2.24	16384	yes	yes				
5253037	18	REALIZABLE	walk	30.17	1024	yes	yes				
5288949	19	REALIZABLE	walk	28.76	1024	yes	yes				
5298491	16	REALIZABLE	walk	2.77	1024	yes	yes				
5301846	19	REALIZABLE	walk	3.09	1024	yes	yes				
5307915	17	REALIZABLE	store_walk	1.22	64	yes	yes				
5312454	17	REALIZABLE	walk	16.85	1024	yes	yes				
5324328	17	REALIZABLE	store	0.94	256	yes	yes				
5329825	20	REALIZABLE	walk	2.98	1024	yes	yes				
5329996	18	REALIZABLE	walk	4.96	1024	yes	yes				
5331146	17	REALIZABLE	store_walk	0.87	16384	yes	yes				
5356492	21	REALIZABLE	walk	8.83	16384	yes	yes				
5398419	17	REALIZABLE	walk	29.14	64	yes	yes				
5428019	17	REALIZABLE	walk	1.85	1024	yes	yes				
5454090	19	REALIZABLE	walk	30.16	16384	yes	yes				
5459000	17	REALIZABLE	walk	1.76	1024	yes	yes				
5471051	21	REALIZABLE	walk	8.30	262144	yes	yes				
5493753	17	REALIZABLE	walk	2.24	1024	yes	yes				
5498207	22	REALIZABLE	walk	3.31	262144	yes	yes				
5500905	21	REALIZABLE	fresh	1.61	1024	yes	yes				
5513785	21	REALIZABLE	walk	7.45	1024	yes	yes				
5514695	14	REALIZABLE	walk	2.73	1024	yes	yes				
5515844	18	REALIZABLE	store_walk	1.01	64	yes	yes				
5535032	20	REALIZABLE	walk	2.58	1024	yes	yes				
5593952	17	REALIZABLE	walk	2.51	64	yes	yes				
5600139	20	REALIZABLE	walk	1.74	64	yes	yes				
5600178	19	REALIZABLE	walk	2.73	1024	yes	yes				
5616046	16	REALIZABLE	walk	28.59	131072	yes	yes				
5626380	21	REALIZABLE	walk	17.02	1024	yes	yes				
5643179	19	REALIZABLE	walk	25.94	262144	yes	yes				
5655604	18	REALIZABLE	store	0.82	256	yes	yes				
5656956	25	REALIZABLE	walk	3.69	1024	yes	yes				
5664182	20	REALIZABLE	walk	4.29	512	yes	yes				
5671004	20	REALIZABLE	walk	21.64	1024	yes	yes				
5698728	19	REALIZABLE	fresh	2.13	1024	yes	yes				
5723047	16	REALIZABLE	store_walk	1.93	16384	yes	yes				
5749535	16	REALIZABLE	walk	3.41	262144	yes	yes				
5754575	18	REALIZABLE	walk	31.35	4096	yes	yes				
5806888	18	REALIZABLE	fresh	2.05	1024	yes	yes				
5825745	19	REALIZABLE	store_walk	1.18	1024	yes	yes				
5833118	18	REALIZABLE	walk	1.42	16384	yes	yes				
5843499	17	REALIZABLE	walk	1.54	1024	yes	yes				
5862420	22	REALIZABLE	walk	18.59	1024	yes	yes				
5866617	20	REALIZABLE	walk	20.66	1024	yes	yes				
5882647	17	REALIZABLE	walk	48.29	1024	yes	yes				
5904286	19	REALIZABLE	walk	7.58	16384	yes	yes				
5928991	18	REALIZABLE	walk	4.24	512	yes	yes				
5959805	19	REALIZABLE	walk	23.35	1024	yes	yes				
5964604	19	REALIZABLE	walk	7.42	1024	yes	yes				
5988663	17	REALIZABLE	store_walk	1.08	1024	yes	yes				
6017490	17	REALIZABLE	store_walk	1.26	16384	yes	yes				
6030645	17	REALIZABLE	walk	2.36	1024	yes	yes				
6039871	18	REALIZABLE	walk	4.98	16384	yes	yes				
6046137	19	REALIZABLE	store_walk	1.48	1024	yes	yes				
6058672	21	REALIZABLE	walk	7.16	1024	yes	yes				
6059982	20	REALIZABLE	walk	8.16	1024	yes	yes				
6061266	20	REALIZABLE	walk	23.14	16384	yes	yes				
6063809	21	REALIZABLE	walk	48.84	16384	yes	yes				
6069948	19	REALIZABLE	store_walk	1.11	64	yes	yes				
6080132	16	REALIZABLE	walk	9.32	64	yes	yes				
6110040	19	REALIZABLE	walk	8.68	1024	yes	yes				
6126692	22	REALIZABLE	fresh	1.74	64	yes	yes				
6128130	20	REALIZABLE	walk	4.95	262144	yes	yes				
6159573	21	REALIZABLE	walk	1.99	1024	yes	yes				
6169872	15	REALIZABLE	walk	0.69	64	yes	yes				
6173401	21	REALIZABLE	walk	13.55	16384	yes	yes				
6180535	18	REALIZABLE	walk	13.77	16384	yes	yes				
6181489	21	REALIZABLE	walk	2.37	16384	yes	yes				
6198185	20	REALIZABLE	store_walk	1.33	4096	yes	yes				
6216161	17	REALIZABLE	walk	1.79	1024	yes	yes				
6232905	20	REALIZABLE	fresh	3.68	32	yes	yes				
6241133	20	REALIZABLE	walk	1.02	1024	yes	yes				
6263337	17	REALIZABLE	fresh	1.75	64	yes	yes				
6271695	20	REALIZABLE	walk	6.51	1024	yes	yes				
6297571	19	REALIZABLE	walk	10.93	16384	yes	yes				
6312306	16	REALIZABLE	walk	1.65	512	yes	yes				
6365428	20	REALIZABLE	walk	7.36	16384	yes	yes				
6377516	17	REALIZABLE	walk	51.83	1024	yes	yes				
6389945	17	REALIZABLE	fresh	2.34	64	yes	yes				
6401704	18	REALIZABLE	walk	4.57	1024	yes	yes				
6418717	19	REALIZABLE	store_walk	2.90	1024	yes	yes				
6441311	18	REALIZABLE	walk	6.07	1024	yes	yes				
6455926	18	REALIZABLE	walk	9.01	262144	yes	yes				
6457287	16	REALIZABLE	walk	9.71	1024	yes	yes				
6494535	17	REALIZABLE	walk	3.12	16384	yes	yes				
6501049	17	REALIZABLE	walk	48.03	1024	yes	yes				
6509329	19	REALIZABLE	store_walk	1.35	1024	yes	yes				
6511615	22	REALIZABLE	store	0.95	256	yes	yes				
6543930	19	REALIZABLE	store	0.89	256	yes	yes				
6559976	16	REALIZABLE	store_walk	0.27	256	yes	yes				
6586361	20	REALIZABLE	store	1.23	256	yes	yes				
6627291	17	REALIZABLE	store_walk	1.21	1024	yes	yes				
6627394	18	REALIZABLE	walk	6.31	1024	yes	yes				
6633202	20	REALIZABLE	walk	13.24	1024	yes	yes				
6637551	18	REALIZABLE	walk	1.77	512	yes	yes				
6660961	19	REALIZABLE	walk	2.49	1024	yes	yes				
6695429	16	REALIZABLE	store_walk	0.53	1024	yes	yes				
6704386	20	REALIZABLE	walk	23.24	1024	yes	yes				
6712784	20	REALIZABLE	walk	10.40	16384	yes	yes				
6714423	18	REALIZABLE	walk	26.73	1024	yes	yes				
6734990	21	REALIZABLE	walk	35.86	16384	yes	yes				
6740955	18	REALIZABLE	walk	5.17	16384	yes	yes				
6755885	17	REALIZABLE	walk	13.09	1024	yes	yes				
6768412	20	REALIZABLE	walk	28.70	1024	yes	yes				
6771198	19	REALIZABLE	walk	3.24	16384	yes	yes				
6786910	18	REALIZABLE	store	1.07	256	yes	yes				
6794284	18	REALIZABLE	walk	5.21	64	yes	yes				
6795529	16	REALIZABLE	walk	0.89	16384	yes	yes				
6797578	18	REALIZABLE	fresh	1.48	1024	yes	yes				
6801373	16	REALIZABLE	walk	5.36	16384	yes	yes				
6804432	17	REALIZABLE	walk	1.80	16384	yes	yes				
6832186	19	REALIZABLE	store	1.17	256	yes	yes				
6841782	18	REALIZABLE	walk	16.39	1024	yes	yes				
6842821	19	REALIZABLE	walk	12.57	1024	yes	yes				
6862079	19	REALIZABLE	walk	10.86	64	yes	yes				
6862284	15	REALIZABLE	walk	0.71	1024	yes	yes				
6883171	15	REALIZABLE	store_walk	0.54	64	yes	yes				
6883541	21	REALIZABLE	walk	4.36	1024	yes	yes				
6885585	16	REALIZABLE	walk	4.04	512	yes	yes				
6885994	18	REALIZABLE	walk	3.35	1024	yes	yes				
6888979	18	REALIZABLE	walk	7.86	1024	yes	yes				
6891706	17	REALIZABLE	walk	11.17	1024	yes	yes				
6904353	16	REALIZABLE	walk	24.00	1024	yes	yes				
6913616	22	REALIZABLE	walk	14.10	512	yes	yes				
6928542	16	REALIZABLE	store_walk	0.53	64	yes	yes				
6953817	21	REALIZABLE	walk	25.40	1024	yes	yes				
6957258	20	REALIZABLE	walk	1.57	16384	yes	yes				
6962149	20	REALIZABLE	walk	13.08	16384	yes	yes				
6969448	21	REALIZABLE	store	1.39	64	yes	yes				
7014264	18	REALIZABLE	walk	11.94	1024	yes	yes				
7014892	21	REALIZABLE	walk	8.90	1024	yes	yes				
7022567	22	REALIZABLE	walk	4.79	64	yes	yes				
7030182	18	REALIZABLE	walk	6.56	1024	yes	yes				
7041689	18	REALIZABLE	walk	3.96	1024	yes	yes				
7058639	17	REALIZABLE	walk	3.92	8192	yes	yes				
7062963	21	REALIZABLE	walk	8.94	1024	yes	yes				
7070158	20	REALIZABLE	walk	21.94	16384	yes	yes				
7073614	20	REALIZABLE	walk	48.28	1024	yes	yes				
7079741	17	REALIZABLE	walk	30.98	8192	yes	yes				
7080395	18	REALIZABLE	walk	10.31	8192	yes	yes				
7088631	20	REALIZABLE	walk	9.75	1024	yes	yes				
7091229	17	REALIZABLE	store	1.37	256	yes	yes				
7097231	18	REALIZABLE	store	0.86	64	yes	yes				
7108308	21	REALIZABLE	walk	1.55	16384	yes	yes				
7117317	18	REALIZABLE	walk	2.17	64	yes	yes				
7128998	18	REALIZABLE	store	1.00	1024	yes	yes				
7137310	24	REALIZABLE	fresh	1.34	1024	yes	yes				
7143767	17	REALIZABLE	walk	48.36	1024	yes	yes				
7143916	17	REALIZABLE	walk	3.42	4096	yes	yes				
7208948	17	REALIZABLE	walk	1.46	1024	yes	yes				
7209645	18	REALIZABLE	walk	2.27	1024	yes	yes				
7223024	21	REALIZABLE	walk	1.98	64	yes	yes				
7250611	20	REALIZABLE	walk	11.70	1024	yes	yes				
7268803	15	REALIZABLE	store_walk	0.36	262144	yes	yes				
7284957	23	REALIZABLE	walk	5.51	1024	yes	yes				
7291053	18	REALIZABLE	walk	2.07	8192	yes	yes				
7306091	17	REALIZABLE	fresh	2.22	1024	yes	yes				
7310060	18	REALIZABLE	walk	2.94	16384	yes	yes				
7336929	20	REALIZABLE	walk	5.53	16384	yes	yes				
7338078	16	REALIZABLE	walk	8.88	1024	yes	yes				
7345378	21	REALIZABLE	walk	22.93	64	yes	yes				
7347226	20	REALIZABLE	walk	3.25	1024	yes	yes				
7347848	19	REALIZABLE	walk	8.28	1024	yes	yes				
7348678	17	REALIZABLE	walk	26.11	1024	yes	yes				
7363702	18	REALIZABLE	store_walk	1.26	1024	yes	yes				
7387490	22	REALIZABLE	walk	19.79	1024	yes	yes				
7397977	17	REALIZABLE	walk	2.26	16384	yes	yes				
7420791	20	REALIZABLE	walk	2.92	16384	yes	yes				
7432045	18	REALIZABLE	walk	29.40	256	yes	yes				
7459250	18	REALIZABLE	walk	17.30	1024	yes	yes				
7481173	20	REALIZABLE	fresh	2.43	16384	yes	yes				
7515166	22	REALIZABLE	walk	8.50	16384	yes	yes				
7617933	18	REALIZABLE	walk	0.96	1024	yes	yes				
7651291	18	REALIZABLE	walk	41.61	1024	yes	yes				
7668526	19	REALIZABLE	walk	12.47	1024	yes	yes				
7698446	20	REALIZABLE	walk	49.82	1024	yes	yes				
7732312	18	REALIZABLE	walk	10.69	1024	yes	yes				
7770795	19	REALIZABLE	walk	25.71	16384	yes	yes				
7776099	20	REALIZABLE	walk	25.31	1024	yes	yes				
7781474	17	REALIZABLE	walk	3.95	1024	yes	yes				
7783239	16	REALIZABLE	walk	5.59	1024	yes	yes				
7816209	16	REALIZABLE	walk	34.52	64	yes	yes				
7832252	18	REALIZABLE	walk	46.66	1024	yes	yes				
7898156	18	REALIZABLE	walk	1.57	1024	yes	yes				
7902858	16	REALIZABLE	walk	3.06	1024	yes	yes				
7903688	23	REALIZABLE	fresh	2.20	16384	yes	yes				
7916819	13	REALIZABLE	walk	4.46	262144	yes	yes				
7920230	18	REALIZABLE	walk	3.82	16384	yes	yes				
7958480	18	REALIZABLE	walk	1.93	8192	yes	yes				
7984914	17	REALIZABLE	store	0.93	1024	yes	yes				
7986648	17	REALIZABLE	walk	14.68	262144	yes	yes				
8001604	19	REALIZABLE	walk	13.41	262144	yes	yes				
8002801	23	REALIZABLE	walk	1.73	1024	yes	yes				
8016040	19	REALIZABLE	walk	3.11	262144	yes	yes				
8031476	17	REALIZABLE	walk	4.39	1024	yes	yes				
8031626	17	REALIZABLE	walk	10.82	1024	yes	yes				
8067562	15	REALIZABLE	walk	16.43	1024	yes	yes				
8067581	17	REALIZABLE	walk	2.29	16384	yes	yes				
8127895	16	REALIZABLE	store_walk	0.61	16384	yes	yes				
8138516	19	REALIZABLE	walk	54.23	1024	yes	yes				
8140234	20	REALIZABLE	walk	11.99	1024	yes	yes				
8145146	16	REALIZABLE	walk	11.93	1024	yes	yes				
8157899	17	REALIZABLE	fresh	1.77	1024	yes	yes				
8175918	24	REALIZABLE	walk	5.03	1024	yes	yes				
8185290	18	REALIZABLE	walk	27.70	1024	yes	yes				
8218575	21	REALIZABLE	walk	7.36	262144	yes	yes				
8245156	16	REALIZABLE	walk	0.63	1024	yes	yes				
8251786	18	REALIZABLE	walk	1.99	1024	yes	yes				
8260089	21	REALIZABLE	walk	8.75	1024	yes	yes				
8265580	18	REALIZABLE	walk	8.54	1024	yes	yes				
8271217	20	REALIZABLE	store	0.81	256	yes	yes				
8283784	19	REALIZABLE	fresh	1.96	1024	yes	yes				
8287318	17	REALIZABLE	walk	4.70	1024	yes	yes				
8301399	15	REALIZABLE	walk	2.70	1024	yes	yes				
8306255	20	REALIZABLE	walk	51.84	1024	yes	yes				
8337295	17	REALIZABLE	store	0.68	256	yes	yes				
8362319	17	REALIZABLE	walk	13.92	64	yes	yes				
8372832	15	REALIZABLE	walk	3.38	1024	yes	yes				
8376872	17	REALIZABLE	fresh	1.54	1024	yes	yes				
8392218	21	REALIZABLE	walk	1.23	1024	yes	yes				
8394107	19	REALIZABLE	walk	2.05	1024	yes	yes				
8402751	20	REALIZABLE	walk	31.10	1024	yes	yes				
8404474	23	REALIZABLE	walk	19.99	16384	yes	yes				
8411975	19	REALIZABLE	walk	7.50	262144	yes	yes				
8428610	20	REALIZABLE	store_walk	1.13	16384	yes	yes				
8430431	17	REALIZABLE	store_walk	1.06	1024	yes	yes				
8444963	15	REALIZABLE	walk	13.49	1024	yes	yes				
8445265	21	REALIZABLE	walk	1.39	1024	yes	yes				
8452912	20	REALIZABLE	walk	1.20	16384	yes	yes				
8453352	16	REALIZABLE	walk	17.32	1024	yes	yes				
8460795	18	REALIZABLE	walk	2.67	8192	yes	yes				
8505902	16	REALIZABLE	walk	3.38	1024	yes	yes				
8529503	18	REALIZABLE	walk	6.98	262144	yes	yes				
8541456	15	REALIZABLE	walk	10.07	64	yes	yes				
8545392	17	REALIZABLE	walk	12.61	1024	yes	yes				
8545612	20	REALIZABLE	walk	1.56	1024	yes	yes				
8559272	20	REALIZABLE	walk	8.61	16384	yes	yes				
8603583	14	REALIZABLE	walk	18.02	1024	yes	yes				
8636420	20	REALIZABLE	walk	50.88	1024	yes	yes				
8640746	20	REALIZABLE	walk	21.14	16384	yes	yes				
8684939	19	REALIZABLE	walk	2.23	16384	yes	yes				
8689254	17	REALIZABLE	walk	10.08	1024	yes	yes				
8698279	16	REALIZABLE	walk	12.19	8192	yes	yes				
8705199	21	REALIZABLE	walk	6.54	1024	yes	yes				
8723746	20	REALIZABLE	store	1.49	256	yes	yes				
8741624	19	REALIZABLE	walk	2.01	1024	yes	yes				
8749834	20	REALIZABLE	walk	7.96	1024	yes	yes				
8789238	19	REALIZABLE	walk	1.39	16384	yes	yes				
8792735	19	REALIZABLE	fresh	1.26	1024	yes	yes				
8796224	21	REALIZABLE	walk	2.42	1024	yes	yes				
8866214	22	REALIZABLE	fresh	2.18	16384	yes	yes				
8867071	19	REALIZABLE	walk	1.47	1024	yes	yes				
8882587	18	REALIZABLE	walk	2.18	16384	yes	yes				
8898840	18	REALIZABLE	store	1.04	65536	yes	yes				
8910349	18	REALIZABLE	walk	3.65	1024	yes	yes				
8921342	19	REALIZABLE	walk	4.00	1024	yes	yes				
8924175	16	REALIZABLE	walk	17.52	16384	yes	yes				
8928494	18	REALIZABLE	walk	8.72	16384	yes	yes				
8929110	15	REALIZABLE	walk	3.58	1024	yes	yes				
8931295	18	REALIZABLE	walk	12.22	262144	yes	yes				
8942650	17	REALIZABLE	walk	2.37	262144	yes	yes				
8948682	22	REALIZABLE	walk	1.57	8192	yes	yes				
8956018	19	REALIZABLE	fresh	2.04	8192	yes	yes				
8964644	19	REALIZABLE	walk	37.68	1024	yes	yes				
8975349	17	REALIZABLE	walk	40.56	1024	yes	yes				
9004974	18	REALIZABLE	walk	3.03	512	yes	yes				
9024158	18	REALIZABLE	walk	3.16	262144	yes	yes				
9069175	18	REALIZABLE	walk	1.34	1024	yes	yes				
9072423	21	REALIZABLE	walk	29.53	16384	yes	yes				
9080995	18	REALIZABLE	walk	2.27	1024	yes	yes				
9098969	25	REALIZABLE	walk	12.68	1024	yes	yes				
9111863	18	REALIZABLE	walk	51.25	1024	yes	yes				
9128142	20	REALIZABLE	walk	4.10	16384	yes	yes				
9128143	21	REALIZABLE	store_walk	0.98	16384	yes	yes				
9134243	20	REALIZABLE	walk	5.70	1024	yes	yes				
9180297	23	REALIZABLE	walk	12.39	16384	yes	yes				
9183456	20	REALIZABLE	walk	19.39	1024	yes	yes				
9197921	18	REALIZABLE	store_walk	0.81	64	yes	yes				
9205025	23	REALIZABLE	fresh	1.83	1024	yes	yes				
9239163	18	REALIZABLE	walk	1.34	1024	yes	yes				
9240741	18	REALIZABLE	walk	6.55	1024	yes	yes				
9246277	22	REALIZABLE	store_walk	0.97	4096	yes	yes				
9258244	18	REALIZABLE	walk	2.05	16384	yes	yes				
