seed,beta,architecture,d,m,fvu,l0,dead_fraction,gram_penalty,mean_squared_coherence,max_absolute_coherence,factor1_max_positive_cosine,factor1_max_absolute_cosine,factor1_faithful_geometry,factor1_causal_concentration,factor1_causal_participation_ratio,factor1_causal_split_count,factor1_single_gain,factor1_family_gain,factor1_family_norm_ratio,factor1_family_cosine,factor1_nnls_residual,factor1_nnls_cosine,factor2_max_positive_cosine,factor2_max_absolute_cosine,factor2_faithful_geometry,factor2_causal_concentration,factor2_causal_participation_ratio,factor2_causal_split_count,factor2_single_gain,factor2_family_gain,factor2_family_norm_ratio,factor2_family_cosine,factor2_nnls_residual,factor2_nnls_cosine,mean_factor_max_positive_cosine,mean_factor_max_absolute_cosine,mean_factor_causal_concentration,mean_factor_causal_participation_ratio,mean_factor_causal_split_count,mean_factor_single_gain,mean_factor_family_gain,mean_factor_family_norm_ratio,mean_factor_family_cosine,mean_factor_nnls_residual,mean_factor_nnls_cosine,both_faithful_geometry,train_reconstruction_loss_last_batch,train_l1_last_batch,train_gram_last_step,train_total_last_batch,train_gradient_norm_last_batch,wall_seconds
0,0.0,l1,34,68,0.03127788007259369,15.95138888888889,0.0,77.381591796875,0.03396909311413765,0.9990807771682739,0.7118815779685974,0.7385680675506592,False,0.2551423004046452,4.020121810742423,4,0.23258193554662684,0.9112733006477356,0.9126940369606018,0.9984433650970459,0.0,0.9999999996613542,0.7083489298820496,0.7083489298820496,False,0.2614793791019665,4.044538880482445,4,0.2317544481589913,0.8860129714012146,0.8880014419555664,0.9977607131004333,0.0,1.0000000193237484,0.7101152539253235,0.7234584987163544,0.2583108397533058,4.032330345612435,4.0,0.23216819185280907,0.8986431360244751,0.9003477394580841,0.9981020390987396,0.0,1.0000000094925512,False,0.48150983452796936,8.9718656539917,77.3841552734375,2.2758829653263093,0.5577504145841605,6.691524028778076
0,0.025,l1,34,68,0.029155639931559563,19.247222222222224,0.0,38.93751525878906,0.017092851921916008,0.9665089249610901,0.9929476380348206,0.9929476380348206,True,0.9487086818162972,1.1107320394916564,1,0.8186410231694072,0.8624646663665771,0.8638820648193359,0.9983592629432678,0.0,0.9999999996613543,0.9820413589477539,0.9820413589477539,True,0.8798663879207271,1.2789565424835516,1,0.7526584574657587,0.8546676635742188,0.8562685251235962,0.9981304407119751,0.0,1.0000000193237484,0.9874944984912872,0.9874944984912872,0.9142875348685122,1.194844290987604,1.0,0.785649740317583,0.858566164970398,0.8600752949714661,0.9982448518276215,0.0,1.0000000094925514,True,0.5273618102073669,10.510746955871582,38.93701171875,3.602936494350433,0.6821403065563693,6.6078269481658936
0,0.0625,l1,34,68,0.03239928185939789,22.961111111111112,0.0,40.00946044921875,0.017563415691256523,0.9896324872970581,0.9794682264328003,0.9794682264328003,True,0.8632519684987834,1.3400663569243778,1,0.737327319957504,0.8534518480300903,0.8542741537094116,0.999037504196167,0.0,0.9999999996613543,0.9813870191574097,0.9813870191574097,True,0.8825758074149657,1.2825892091910416,1,0.7606836036906025,0.8618643283843994,0.8622772097587585,0.9995211958885193,0.0,1.0000000193237482,0.980427622795105,0.980427622795105,0.8729138879568745,1.3113277830577097,1.0,0.7490054618240533,0.8576580882072449,0.8582756817340851,0.9992793500423431,0.0,1.0000000094925512,True,0.6162636876106262,11.517608642578125,40.00926971435547,5.420364773273468,1.364358424417026,6.620744466781616
0,0.25,l1,34,68,0.041550807654857635,28.906944444444445,0.0,44.113433837890625,0.019364986568689346,0.9998406171798706,0.3948828876018524,0.5459337830543518,False,0.2637296757530749,10.097974322127804,8,0.19875096642684453,0.7505468130111694,0.7535443902015686,0.99602210521698,0.0,0.9999999996613543,0.6065546274185181,0.6157239675521851,False,0.20053325216523718,10.41167385465997,11,0.1556347925962739,0.7759844064712524,0.780911922454834,0.993690013885498,0.0,1.0000000193237482,0.5007187575101852,0.5808288753032684,0.23213146395915601,10.254824088393887,9.5,0.1771928795115592,0.7632656097412109,0.7672281563282013,0.994856059551239,0.0,1.0000000094925512,False,0.88017737865448,15.466049194335938,44.11328887939453,15.0017094373703,6.678711878571777,6.575491189956665
0,0.5,l1,34,68,0.04484383761882782,30.638425925925926,0.0,46.447181701660156,0.020389456301927567,0.9977514743804932,0.4005664885044098,0.4827466607093811,False,0.1801697669057281,13.729142029212833,13,0.1381840147788936,0.7580841779708862,0.7617865800857544,0.9951398372650146,0.10904564653237371,0.9940367429300815,0.5932344198226929,0.6034597754478455,False,0.19493029499822304,11.095072541256666,14,0.15278589483598834,0.780838131904602,0.7855890989303589,0.9939523339271545,0.10769608630873435,0.9941838822075517,0.49690045416355133,0.5431032180786133,0.1875500309519756,12.41210728523475,13.5,0.14548495480744097,0.7694611549377441,0.7736878395080566,0.9945460855960846,0.10837086642055403,0.9941103125688167,False,1.0250110626220703,17.550701141357422,46.446983337402344,27.758642959594727,14.25898796476378,6.718242883682251
1,0.0,l1,34,68,0.03430822864174843,15.39861111111111,0.0,84.4718017578125,0.03708156570792198,0.9989100098609924,0.7158635258674622,0.728830099105835,False,0.2547963137450923,4.018625909068051,4,0.23261016667064643,0.9125816822052002,0.914106011390686,0.9983324408531189,0.0,0.9999999996613542,0.7008872032165527,0.7076506018638611,False,0.25563044137983015,4.017227897593312,4,0.22643655492119602,0.8854210376739502,0.8874818682670593,0.9976778626441956,0.0,1.0000000193237484,0.7083753645420074,0.718240350484848,0.2552133775624612,4.0179269033306815,4.0,0.22952336079592123,0.8990013599395752,0.9007939398288727,0.9980051517486572,0.0,1.0000000094925512,False,0.5211383104324341,8.618293762207031,84.470947265625,2.2447970628738405,0.49374521732654686,6.542392730712891
1,0.025,l1,34,68,0.02809269167482853,19.96064814814815,0.0,37.85105895996094,0.016615917906165123,0.9649724960327148,0.9895021915435791,0.9895021915435791,True,0.8975596734778805,1.2388039399633592,1,0.7744413052570346,0.8625608086585999,0.8629451394081116,0.9995546936988831,0.0,0.9999999996613542,0.9853146076202393,0.9853146076202393,True,0.9200096282680563,1.1805748888123195,1,0.7856904698034387,0.8528304100036621,0.855324923992157,0.9970834851264954,0.0,1.0000000193237486,0.9874083995819092,0.9874083995819092,0.9087846508729684,1.2096894143878394,1.0,0.7800658875302366,0.857695609331131,0.8591350317001343,0.9983190894126892,0.0,1.0000000094925514,True,0.5427347421646118,10.52060317993164,37.850738525390625,3.5931238412857054,0.59957070024003,6.635538339614868
1,0.0625,l1,34,68,0.030940743163228035,23.024074074074075,0.0,40.541419982910156,0.017796935513615608,0.9807335138320923,0.9465799927711487,0.9465799927711487,True,0.7664095034975643,1.689833469214444,1,0.6548700366030299,0.8541592955589294,0.8547213673591614,0.9993423819541931,0.0,0.9999999996613542,0.5817728638648987,0.9400674700737,False,0.7128988847562763,1.9362268921113999,1,0.6081602642976268,0.8530292510986328,0.8537326455116272,0.9991760849952698,0.0,1.0000000193237486,0.7641764283180237,0.9433237314224243,0.7396541941269204,1.8130301806629219,1.0,0.6315151504503284,0.8535942733287811,0.8542270064353943,0.9992592334747314,0.0,1.0000000094925514,False,0.6051504611968994,11.384075164794922,40.541297912597656,5.415796613693237,1.3309337507850307,6.534127950668335
1,0.25,l1,34,68,0.038732271641492844,28.824537037037036,0.0,42.368526458740234,0.018599001690745354,0.9979019165039062,0.4711949825286865,0.4711949825286865,False,0.10297416590097788,21.641535841117744,27,0.08031028540907698,0.7792783975601196,0.783942699432373,0.994050145149231,0.0,0.9999999996613542,0.5890698432922363,0.6341543197631836,False,0.22005734843161429,10.240049802730704,9,0.17324276826016655,0.7871608734130859,0.7912142872810364,0.9948769807815552,0.0,1.0000000193237484,0.5301324129104614,0.5526746511459351,0.16151575716629607,15.940792821924223,18.0,0.12677652683462176,0.7832196354866028,0.7875784933567047,0.9944635629653931,0.0,1.0000000094925512,False,0.7878534197807312,15.475481033325195,42.368221282958984,14.475004947185516,5.924579268780521,6.619349718093872
1,0.5,l1,34,68,0.04715004563331604,31.01064814814815,0.0,42.36581039428711,0.018597809597849846,0.9999852776527405,0.44759058952331543,0.44759058952331543,False,0.10814121780578444,19.466203554960867,21,0.08327020096647077,0.7700134515762329,0.775099515914917,0.993438184261322,0.0,0.9999999996613543,0.5803719758987427,0.6005945205688477,False,0.1891824407512281,12.138456922860255,13,0.15312369001794573,0.8093953728675842,0.8131676316261292,0.9953610301017761,0.0,1.0000000193237484,0.513981282711029,0.5240925550460815,0.14866182927850627,15.80233023891056,17.0,0.11819694549220824,0.7897044122219086,0.7941335737705231,0.9943996071815491,0.0,1.0000000094925514,False,0.8708080649375916,17.472698211669922,42.365440368652344,25.548067891597746,11.811297527492071,6.588486671447754
2,0.0,l1,34,68,0.033053331077098846,15.538425925925926,0.0,79.77263641357422,0.03501871973276138,0.9995495080947876,0.7153159379959106,0.7291929721832275,False,0.2541449536287445,4.018457441986901,4,0.2317812817026139,0.9117433428764343,0.9131591320037842,0.9984495639801025,0.0,0.9999999996613543,0.7035137414932251,0.7043299674987793,False,0.2555322706623327,4.028985713598994,4,0.22636849275586163,0.8855128288269043,0.8875243067741394,0.9977335929870605,0.0,1.0000000193237484,0.7094148397445679,0.7167614698410034,0.2548386121455386,4.023721577792948,4.0,0.22907488722923774,0.8986280858516693,0.9003417193889618,0.9980915784835815,0.0,1.0000000094925514,False,0.49561643600463867,8.877821922302246,79.77661895751953,2.271180820465088,0.5336578254744863,6.629941463470459
2,0.025,l1,34,68,0.027614779770374298,19.40972222222222,0.0,38.062278747558594,0.01670863665640354,0.9572468400001526,0.9890025854110718,0.9890025854110718,True,0.9002599949191101,1.2305574892906044,1,0.780532839106312,0.8669192790985107,0.867416262626648,0.999427080154419,0.0,0.9999999996613542,0.9738168120384216,0.9738168120384216,True,0.5948503047575056,2.0281801768318983,2,0.5119664028061498,0.8605588674545288,0.8607404828071594,0.9997889995574951,0.0,1.0000000193237484,0.9814096987247467,0.9814096987247467,0.7475551498383078,1.6293688330612515,1.5,0.646249620956231,0.8637390732765198,0.8640783727169037,0.999608039855957,0.0,1.0000000094925512,True,0.5048158168792725,10.612659454345703,38.062042236328125,3.5788987636566163,0.6240762556136683,6.707442760467529
2,0.0625,l1,34,68,0.032346662133932114,23.495833333333334,0.0,39.91096496582031,0.017520179972052574,0.9984425902366638,0.9373713135719299,0.9373713135719299,True,0.7408227937535403,1.7971604285152871,1,0.6259416796887884,0.8445486426353455,0.8456180095672607,0.9987354278564453,0.0,0.9999999996613542,0.9078171849250793,0.9078171849250793,True,0.6364381493341642,2.32455680493259,3,0.5360561367315994,0.8421851396560669,0.8431387543678284,0.9988689422607422,0.0,1.0000000193237484,0.9225942492485046,0.9225942492485046,0.6886304715438523,2.0608586167239387,2.0,0.5809989082101938,0.8433668911457062,0.8443783819675446,0.9988021850585938,0.0,1.0000000094925512,True,0.6370937824249268,11.589874267578125,39.91069030761719,5.449486780166627,1.3125900877322918,6.671601295471191
2,0.25,l1,34,68,0.037206146866083145,29.283333333333335,0.0,42.20195770263672,0.018525881692767143,0.9958139657974243,0.32564154267311096,0.6203616857528687,False,0.3626232137508292,6.557529136818289,7,0.29613708378957676,0.7871094346046448,0.7904194593429565,0.9958122968673706,0.0,0.9999999996613541,0.5978801846504211,0.6294835209846497,False,0.21163812498358942,10.891557979108489,12,0.16929512273990285,0.7998850345611572,0.804174542427063,0.9946659207344055,0.0,1.0000000193237484,0.46176086366176605,0.6249226033687592,0.2871306693672093,8.72454355796339,9.5,0.2327161032647398,0.793497234582901,0.7972970008850098,0.9952391088008881,0.0,1.0000000094925512,False,0.7880005240440369,15.827754020690918,42.201934814453125,14.504035031795501,5.855380456226467,6.510945558547974
2,0.5,l1,34,68,0.03609578683972359,29.38564814814815,0.0,44.55412292480469,0.019558440893888474,0.9985459446907043,0.3599434494972229,0.5776190161705017,False,0.2959043317192078,8.7356331854991,7,0.235422417876379,0.7856255173683167,0.7896702885627747,0.9948779344558716,0.0,0.9999999996613542,0.5912006497383118,0.6108204126358032,False,0.20172174494859815,10.768500132602183,11,0.15850084066457423,0.7856359481811523,0.791041374206543,0.9931666851043701,0.0,1.0000000193237484,0.47557204961776733,0.5942197144031525,0.248813038333903,9.75206665905064,9.0,0.1969616292704766,0.7856307327747345,0.7903558313846588,0.9940223097801208,0.0,1.0000000094925512,False,0.7982447743415833,17.27461814880371,44.55433654785156,26.530336678028107,12.75668766295038,6.614487409591675
3,0.0,l1,34,68,0.033386945724487305,15.674074074074074,0.0,80.56988525390625,0.035368695855140686,0.9985886812210083,0.725924551486969,0.725924551486969,False,0.253954083893614,4.766462873642177,6,0.23226344693958245,0.9142962098121643,0.9157164692878723,0.9984490275382996,0.0,0.9999999996613542,0.6927430033683777,0.7237144112586975,False,0.2487372907794521,4.863178915943416,6,0.22101104799283097,0.8882541060447693,0.8900506496429443,0.9979814887046814,0.0,1.0000000193237484,0.7093337774276733,0.7248194813728333,0.25134568733653306,4.814820894792796,6.0,0.22663724746620673,0.9012751579284668,0.9028835594654083,0.9982152581214905,0.0,1.0000000094925512,False,0.4965168833732605,8.763531684875488,80.56729125976562,2.249223220348358,0.495203180247223,6.576217174530029
3,0.025,l1,34,68,0.028095802292227745,18.912037037037038,0.0,38.37916564941406,0.016847744584083557,0.980543851852417,0.9851876497268677,0.9851876497268677,True,0.45813614273546177,2.3961793749465166,3,0.40484945224032537,0.8835607767105103,0.8848487138748169,0.998544454574585,0.0,0.9999999996613542,0.17364729940891266,0.9881391525268555,False,0.46919648993026347,2.3093979903562993,3,0.4165735944673705,0.8876721262931824,0.888874888420105,0.9986469149589539,0.0,1.0000000193237486,0.5794174745678902,0.9866634011268616,0.4636663163328626,2.3527886826514077,3.0,0.410711523353848,0.8856164515018463,0.8868618011474609,0.9985956847667694,0.0,1.0000000094925514,False,0.514875054359436,10.138172149658203,38.3789176940918,3.501982426643372,0.608398334937906,7.3608012199401855
3,0.0625,l1,34,68,0.030202647671103477,24.449537037037036,0.0,36.85835266113281,0.016180137172341347,0.9891297221183777,0.9523711800575256,0.9523711800575256,True,0.7667905642367948,1.6894259901444013,1,0.6561919080733907,0.8556632399559021,0.8560612797737122,0.9995350241661072,0.0,0.9999999996613542,0.4641789495944977,0.9383147954940796,False,0.7165417557892548,1.8857388360139047,2,0.6164015163827169,0.8602316379547119,0.8605064749717712,0.9996806383132935,0.0,1.0000000193237484,0.7082750648260117,0.9453429877758026,0.7416661600130248,1.787582413079153,1.5,0.6362967122280538,0.857947438955307,0.8582838773727417,0.9996078312397003,0.0,1.0000000094925512,False,0.5945039987564087,11.783547401428223,36.85804748535156,5.254841446876526,1.082258953279017,6.562941074371338
3,0.25,l1,34,68,0.03045070916414261,28.647685185185185,0.0,41.93795394897461,0.018409989774227142,0.9987729787826538,0.35059183835983276,0.6173717379570007,False,0.3267933611906433,7.826902232839266,8,0.26684779175509027,0.8078429698944092,0.8118696212768555,0.9950402975082397,0.0,0.9999999996613541,0.6450663805007935,0.6450663805007935,False,0.2261586764570042,9.516049279851346,12,0.1830161278381963,0.798448383808136,0.8043541312217712,0.9926577210426331,0.0,1.0000000193237484,0.4978291094303131,0.6312190592288971,0.2764760188238237,8.671475756345306,10.0,0.22493195979664327,0.8031456768512726,0.8081118762493134,0.9938490092754364,0.0,1.0000000094925512,False,0.6118798851966858,16.03278350830078,41.937538146972656,14.302821123600006,5.729316674602251,6.49452543258667
3,0.5,l1,34,68,0.03163259103894234,29.369444444444444,0.0,41.57300567626953,0.018249783664941788,0.9999994039535522,0.4299430549144745,0.4366980195045471,False,0.13430780445129686,17.568397402248596,22,0.10607844850367455,0.7896661758422852,0.7964465618133545,0.991486668586731,0.0,0.9999999996613542,0.5889320969581604,0.6221482157707214,False,0.19903541040961528,10.809948698198413,13,0.1600865353830221,0.804267168045044,0.8092156052589417,0.9938849806785583,0.0,1.0000000193237482,0.5094375759363174,0.5294231176376343,0.16667160743045606,14.189173050223506,17.5,0.1330824919433483,0.7969666719436646,0.8028310835361481,0.9926858246326447,0.0,1.0000000094925512,False,0.6265458464622498,17.74338150024414,41.572662353515625,24.96155332326889,11.390500289209927,6.663891315460205
4,0.0,l1,34,68,0.030860954895615578,15.97037037037037,0.0,77.75727844238281,0.03413401171565056,0.9986984729766846,0.7044731974601746,0.7355415225028992,False,0.25629110104313185,4.584739867628667,5,0.23381811537321665,0.9121258854866028,0.9133648872375488,0.9986435174942017,0.0,0.9999999996613543,0.701852023601532,0.7033506631851196,False,0.258034357615223,4.655525937157379,5,0.22938774558382563,0.8885697722434998,0.8903887271881104,0.997957170009613,0.0,1.0000000193237484,0.7031626105308533,0.7194460928440094,0.2571627293291774,4.620132902393022,5.0,0.23160293047852115,0.9003478288650513,0.9018768072128296,0.9983003437519073,0.0,1.0000000094925514,False,0.4685155749320984,8.721171379089355,77.75631713867188,2.2127498507499697,0.48267686457348974,6.551074981689453
4,0.025,l1,34,68,0.028414426371455193,20.102777777777778,0.0,38.19178771972656,0.016765490174293518,0.9631173014640808,0.9939545392990112,0.9939545392990112,True,0.9404418966851497,1.130187937190758,1,0.810868240033395,0.8616229891777039,0.8628815412521362,0.9985414743423462,0.0,0.9999999996613542,0.9816962480545044,0.9816962480545044,True,0.8735805480604134,1.2977956405542772,1,0.7462524280962854,0.8534463047981262,0.8548785448074341,0.9983246326446533,0.0,1.0000000193237484,0.9878253936767578,0.9878253936767578,0.9070112223727815,1.2139917888725176,1.0,0.7785603340648402,0.857534646987915,0.8588800430297852,0.9984330534934998,0.0,1.0000000094925512,True,0.52411288022995,10.395917892456055,38.1915168762207,3.5580843806266786,0.5847488757872602,6.503746509552002
4,0.0625,l1,34,68,0.030021626502275467,25.101388888888888,0.0,37.93598175048828,0.01665319688618183,0.990073025226593,0.9708128571510315,0.9708128571510315,True,0.8444855177642108,1.4002010194864303,1,0.7280594452436386,0.8616687059402466,0.8621935248374939,0.9993912577629089,0.0,0.9999999996613542,0.76141357421875,0.76141357421875,False,0.3048394448846874,6.399126993433654,7,0.24749387879751544,0.8118152618408203,0.8140098452568054,0.9973039627075195,0.0,1.0000000193237484,0.8661132156848907,0.8661132156848907,0.5746624813244491,3.8996640064600423,4.0,0.487776662020577,0.8367419838905334,0.8381016850471497,0.9983476102352142,0.0,1.0000000094925512,False,0.5912487506866455,11.60461711883545,37.93547058105469,5.283139085769653,1.1286917304447621,6.582310676574707
4,0.25,l1,34,68,0.03302198275923729,29.550925925925927,0.0,40.08565139770508,0.017596861347556114,0.9935278296470642,0.42296096682548523,0.46219074726104736,False,0.1368868587608043,17.105053078846137,20,0.10850140368981989,0.7908068895339966,0.7952621579170227,0.994397759437561,0.0,0.9999999996613541,0.575753927230835,0.6207424998283386,False,0.1952566191507989,11.197835555148057,12,0.15889480859577432,0.8097326159477234,0.8124271631240845,0.9966833591461182,0.0,1.0000000193237482,0.4993574470281601,0.541466623544693,0.1660717389558016,14.151444316997097,16.0,0.1336981061427971,0.80026975274086,0.8038446605205536,0.9955405592918396,0.0,1.0000000094925512,False,0.6890397071838379,15.535863876342773,40.08570098876953,13.817637729644776,5.180898132797988,6.670609712600708
4,0.5,l1,34,68,0.03523321449756622,29.942592592592593,0.0,43.12179183959961,0.018929671496152878,0.9994178414344788,0.44491323828697205,0.44491323828697205,False,0.10354486039358732,21.848675951752337,30,0.08228821605730431,0.7946387529373169,0.800200879573822,0.9930490851402283,0.0,0.9999999996613543,0.566196084022522,0.6117140650749207,False,0.1906844095715339,11.448596709639629,12,0.15622363314840285,0.8138492107391357,0.8169062733650208,0.9962577819824219,0.0,1.0000000193237484,0.505554661154747,0.5283136516809464,0.1471146349825606,16.648636330695982,21.0,0.11925592460285359,0.8042439818382263,0.8085535764694214,0.9946534335613251,0.0,1.0000000094925514,False,0.7294721603393555,16.67487335205078,43.121891021728516,25.625392341613768,12.123796722255591,6.698830604553223
5,0.0,l1,34,68,0.034004613757133484,15.647222222222222,0.0,79.01980590820312,0.03468823805451393,0.9982193112373352,0.7229971289634705,0.7229971289634705,False,0.25369885188538394,4.604155702513945,5,0.23208864956278494,0.9146580100059509,0.9160606861114502,0.9984687566757202,0.0,0.9999999996613544,0.692103385925293,0.692103385925293,False,0.24629568397569487,4.70648170109513,5,0.21909105204341828,0.8891340494155884,0.8910614252090454,0.9978370070457458,0.0,1.0000000193237484,0.7075502574443817,0.7075502574443817,0.2499972679305394,4.655318701804537,5.0,0.22558985080310162,0.9018960297107697,0.9035610556602478,0.998152881860733,0.0,1.0000000094925514,False,0.47705650329589844,8.741191864013672,79.01647186279297,2.2252948760986326,0.47527332650356796,6.598013877868652
5,0.025,l1,34,68,0.028674250468611717,19.099537037037038,0.0,39.99155044555664,0.01755555346608162,0.9807780981063843,0.9935617446899414,0.9935617446899414,True,0.9534428811955546,1.0996818292819328,1,0.8253882218792249,0.8651598691940308,0.8664841055870056,0.9984716773033142,0.0,0.9999999996613542,0.9714294672012329,0.9714294672012329,True,0.8718502414754075,1.2969460032578244,2,0.7396690258089974,0.8476438522338867,0.849504292011261,0.9978099465370178,0.0,1.0000000193237484,0.9824956059455872,0.9824956059455872,0.912646561335481,1.1983139162698786,1.5,0.7825286238441111,0.8564018607139587,0.8579941987991333,0.998140811920166,0.0,1.0000000094925512,True,0.5335108041763306,10.322673797607422,39.99073028564453,3.5978138208389283,0.6418776463387716,6.576982498168945
5,0.0625,l1,34,68,0.030105415731668472,23.743055555555557,0.0,38.51985168457031,0.016909504309296608,0.9909220933914185,0.9594219923019409,0.9594219923019409,True,0.7979827942295651,1.5638834170323623,1,0.6840567462363759,0.8569199442863464,0.8572824597358704,0.9995771646499634,0.0,0.9999999996613543,0.9121058583259583,0.9121058583259583,True,0.6471849031696891,2.272535332637853,3,0.5459580337752855,0.8435450792312622,0.8438122272491455,0.9996834397315979,0.0,1.0000000193237482,0.9357639253139496,0.9357639253139496,0.7225838486996271,1.9182093748351075,2.0,0.6150073900058307,0.8502325117588043,0.8505473434925079,0.9996303021907806,0.0,1.0000000094925512,True,0.6129977107048035,11.304811477661133,38.51995849609375,5.28145741224289,1.2139284737215728,6.643789529800415
5,0.25,l1,34,68,0.03583430126309395,29.62037037037037,0.0,39.954315185546875,0.017539208754897118,0.9961673021316528,0.5155168771743774,0.5155168771743774,False,0.1922288099057747,14.238311825470195,11,0.15208628605467925,0.7910035848617554,0.79523104429245,0.9946839809417725,0.0,0.9999999996613542,0.5992913842201233,0.6194799542427063,False,0.19789741137778602,10.614068063414715,12,0.15773585506883642,0.7959680557250977,0.8009598851203918,0.9937676787376404,0.0,1.0000000193237484,0.5574041306972504,0.5674984157085419,0.19506311064178036,12.426189944442456,11.5,0.15491107056175785,0.7934858202934265,0.7980954647064209,0.9942258298397064,0.0,1.0000000094925512,False,0.7858608365058899,15.901988983154297,39.954742431640625,13.954944241046906,5.302310668564562,6.512951135635376
5,0.5,l1,34,68,0.038690172135829926,30.974074074074075,0.0,40.93999481201172,0.017971903085708618,0.9974348545074463,0.5069695711135864,0.5069695711135864,False,0.2007192512325105,14.53432704433065,11,0.15930807311917025,0.7935078144073486,0.79816073179245,0.9941704869270325,0.0,0.9999999996613542,0.3521689176559448,0.6575012803077698,False,0.3846208132328629,6.042093993866889,5,0.3057632382209329,0.7945114374160767,0.7973756194114685,0.9964079856872559,0.0,1.0000000193237482,0.4295692443847656,0.5822354257106781,0.2926700322326867,10.288210519098769,8.0,0.23253565567005158,0.7940096259117126,0.7977681756019592,0.9952892363071442,0.0,1.0000000094925512,False,0.8751040101051331,17.714542388916016,40.940338134765625,24.88818155527115,11.154334352179342,6.839190483093262
6,0.0,l1,34,68,0.03301812335848808,15.817592592592593,0.0,82.85995483398438,0.036373987793922424,0.9662572145462036,0.6999586224555969,0.730365514755249,False,0.25463966852855113,5.322547620997738,6,0.23331380846967262,0.9160729050636292,0.9171977639198303,0.9987735748291016,0.0,0.9999999996613542,0.7000499963760376,0.7011946439743042,False,0.2549270774086192,5.404766148072553,6,0.22722337271927856,0.8909910321235657,0.8927220702171326,0.9980610013008118,0.0,1.0000000193237484,0.7000043094158173,0.7157800793647766,0.25478337296858516,5.363656884535145,6.0,0.23026859059447558,0.9035319685935974,0.9049599170684814,0.9984172880649567,0.0,1.0000000094925512,False,0.5156630873680115,8.840441703796387,82.86084747314453,2.283751428127289,0.5400223043887192,6.499597549438477
6,0.025,l1,34,68,0.028605284169316292,18.18425925925926,0.0,38.15705490112305,0.016750244423747063,0.9711682200431824,0.9894587993621826,0.9894587993621826,True,0.4709498355188976,2.304459463528672,3,0.4169455505073177,0.8852090835571289,0.8863881230354309,0.9986698031425476,0.0,0.9999999996613543,0.2331419289112091,0.9890393018722534,False,0.45975243606178107,2.3783230236797395,3,0.4055494403648851,0.8820071816444397,0.8830469846725464,0.9988225102424622,0.0,1.0000000193237484,0.6113003641366959,0.989249050617218,0.4653511357903393,2.341391243604206,3.0,0.4112474954361014,0.8836081326007843,0.8847175538539886,0.9987461566925049,0.0,1.0000000094925514,False,0.5558116436004639,10.219688415527344,38.156925201416016,3.553672456741333,0.633732770898189,6.606484413146973
6,0.0625,l1,34,68,0.02857890911400318,23.499537037037037,0.0,39.22032165527344,0.01721699722111225,0.9930093884468079,0.9837090969085693,0.9837090969085693,True,0.8911593826676006,1.2581376438796985,1,0.7596906028530925,0.8523465991020203,0.8526527881622314,0.9996408820152283,0.0,0.9999999996613543,0.2467488795518875,0.9589791297912598,False,0.803626192328522,1.5387034736467067,1,0.6851990885220236,0.8524234294891357,0.8534837365150452,0.9987576603889465,0.0,1.0000000193237482,0.6152289882302284,0.9713441133499146,0.8473927874980614,1.3984205587632026,1.0,0.7224448456875581,0.852385014295578,0.8530682623386383,0.9991992712020874,0.0,1.0000000094925512,False,0.608609676361084,11.730607986450195,39.22053527832031,5.406014728546143,1.2610458030412237,6.545997858047485
6,0.25,l1,34,68,0.03135863319039345,29.174537037037037,0.0,40.868141174316406,0.017940359190106392,0.9999997019767761,0.44336599111557007,0.4566328525543213,False,0.12025433810464028,17.178077640666633,19,0.09527555134347007,0.792268693447113,0.7968018651008606,0.9943107962608337,0.0,0.9999999996613542,0.6039469242095947,0.6105139851570129,False,0.194137747656856,10.790163714298684,14,0.1547808110773979,0.7972434163093567,0.8020077347755432,0.9940595030784607,0.0,1.0000000193237484,0.5236564576625824,0.5335734188556671,0.15719604288074815,13.984120677482657,16.5,0.125028181210434,0.7947560548782349,0.7994047999382019,0.9941851496696472,0.0,1.0000000094925512,False,0.747514009475708,15.893346786499023,40.86793518066406,14.143167161941529,5.485650908818287,6.512739896774292
6,0.5,l1,34,68,0.0343538261950016,29.68611111111111,0.0,44.740028381347656,0.01964004710316658,0.9998552203178406,0.4357720911502838,0.4508008062839508,False,0.11013550540464137,18.91211392354912,24,0.08702538469199045,0.7901615500450134,0.7952070236206055,0.9936550855636597,0.0,0.9999999996613543,0.5913710594177246,0.6019800305366516,False,0.18898125759929982,11.488274253633678,13,0.15257608807024575,0.8073583245277405,0.8116654753684998,0.994693398475647,0.0,1.0000000193237486,0.5135715752840042,0.5263904184103012,0.1495583815019706,15.200194088591399,18.5,0.1198007363811181,0.798759937286377,0.8034362494945526,0.9941742420196533,0.0,1.0000000094925514,False,0.832985520362854,17.42758560180664,44.740020751953125,26.688513016700746,12.949788308222075,6.636345386505127
7,0.0,l1,34,68,0.03225148469209671,15.860648148148147,0.0,81.38645935058594,0.03572715446352959,0.9980770945549011,0.7221040725708008,0.7221040725708008,False,0.25508156341363447,4.801120964128375,6,0.23319816867453716,0.9139068126678467,0.9153560400009155,0.9984167218208313,0.0,0.9999999996613541,0.6914882063865662,0.7025386095046997,False,0.24889490887778978,4.919973839819616,6,0.22140093299272834,0.8891655802726746,0.890866219997406,0.9980909824371338,0.0,1.0000000193237484,0.7067961394786835,0.7123213410377502,0.25198823614571214,4.860547401973996,6.0,0.22729955083363274,0.9015361964702606,0.9031111299991608,0.9982538521289825,0.0,1.0000000094925512,False,0.5264549255371094,8.787559509277344,81.38798522949219,2.283966827392578,0.5129309178731168,6.486345529556274
7,0.025,l1,34,68,0.02834857814013958,19.01064814814815,0.0,39.434261322021484,0.017310915514826775,0.9631508588790894,0.9797667860984802,0.9797667860984802,True,0.4473747290665204,2.488212292351753,3,0.39513335352770457,0.883080005645752,0.8846787214279175,0.9981929063796997,0.0,0.9999999996613542,0.9805894494056702,0.9805894494056702,True,0.44977530971130564,2.453902930549948,3,0.3952951534068099,0.8786656856536865,0.8800258040428162,0.9984544515609741,0.0,1.0000000193237484,0.9801781177520752,0.9801781177520752,0.44857501938891303,2.4710576114508505,3.0,0.39521425346725725,0.8808728456497192,0.8823522627353668,0.9983236789703369,0.0,1.0000000094925512,True,0.5142889022827148,10.257822036743164,39.434242248535156,3.5517093658447267,0.6166126895766928,6.531095743179321
7,0.0625,l1,34,68,0.02946561761200428,23.293518518518518,0.0,37.73429870605469,0.016564661636948586,0.9873217344284058,0.975785493850708,0.975785493850708,True,0.8490157537878583,1.3850106615121323,1,0.7280686293433903,0.8569633364677429,0.8576681613922119,0.9991781711578369,0.0,0.9999999996613543,0.5082423090934753,0.9842991232872009,False,0.8765878269018632,1.299094100816484,1,0.7562765135975389,0.862497866153717,0.8629421591758728,0.999485194683075,0.0,1.0000000193237486,0.7420139014720917,0.9800423085689545,0.8628017903448608,1.3420523811643081,1.0,0.7421725714704646,0.85973060131073,0.8603051602840424,0.9993316829204559,0.0,1.0000000094925514,False,0.5707601308822632,11.669066429138184,37.73419189453125,5.262960410118103,1.1631659339912213,6.465824127197266
7,0.25,l1,34,68,0.036442726850509644,29.601388888888888,0.0,40.86112976074219,0.017937282100319862,0.9998306632041931,0.4580637216567993,0.4762871563434601,False,0.1239703558258704,19.091732331249275,21,0.09757754594625417,0.7862129211425781,0.7914699912071228,0.9933578372001648,0.0,0.9999999996613543,0.23545163869857788,0.8215606212615967,False,0.6147212924617452,2.5997424397221396,1,0.5107221170132573,0.821780800819397,0.8233888745307922,0.9980469942092896,0.0,1.0000000193237484,0.3467576801776886,0.6489238888025284,0.3693458241438078,10.845737385485707,11.0,0.3041498314797557,0.8039968609809875,0.8074294328689575,0.9957024157047272,0.0,1.0000000094925514,False,0.7699905633926392,15.85823917388916,40.861473083496094,14.157006669044495,5.558580539932122,6.619744777679443
7,0.5,l1,34,68,0.03981025516986847,30.674074074074074,0.0,43.96446228027344,0.019299589097499847,0.9999805092811584,0.4419754147529602,0.45933955907821655,False,0.1147133115470127,18.356615260077707,21,0.08948575510190716,0.778891384601593,0.7829843759536743,0.9947725534439087,0.0,0.9999999996613542,0.31327006220817566,0.7088114023208618,False,0.46581918145135975,4.345853449164992,3,0.3732980765061065,0.7962806224822998,0.7990007996559143,0.996595561504364,0.0,1.0000000193237484,0.37762273848056793,0.5840754806995392,0.2902662464991862,11.351234354621349,12.0,0.23139191580400684,0.7875860035419464,0.7909925878047943,0.9956840574741364,0.0,1.0000000094925512,False,0.8584818840026855,17.71363067626953,43.9647216796875,26.383568859100343,13.045498216738881,6.648594617843628
8,0.0,l1,34,68,0.03239336982369423,15.78425925925926,0.0,81.6349105834961,0.035836223512887955,0.9936398863792419,0.7324610948562622,0.7339670062065125,False,0.2534693548433772,4.025640463912584,4,0.2308337022280067,0.9104927182197571,0.9118183255195618,0.9985461831092834,0.0,0.9999999996613542,0.6858519911766052,0.6919049024581909,False,0.2437809494100791,4.367440604937026,4,0.2162560801735172,0.8865852952003479,0.888584315776825,0.9977503418922424,0.0,1.0000000193237484,0.7091565430164337,0.7129359543323517,0.24862515212672814,4.1965405344248055,4.0,0.22354489120076193,0.8985390067100525,0.9002013206481934,0.9981482625007629,0.0,1.0000000094925512,False,0.5215771198272705,8.838787078857422,81.63502502441406,2.289334535598755,0.5472434601406734,6.5842180252075195
8,0.025,l1,34,68,0.02891129069030285,19.150925925925925,0.0,37.85620880126953,0.01661817729473114,0.9555190801620483,0.9944319725036621,0.9944319725036621,True,0.9050386524302173,1.2171896182314725,1,0.7809455645629834,0.8622944355010986,0.8631313443183899,0.999030351638794,0.0,0.9999999996613542,0.9719359874725342,0.9719359874725342,True,0.6157840173225023,2.059478644260096,2,0.5324719819071637,0.8646130561828613,0.8648143410682678,0.9997671842575073,0.0,1.0000000193237484,0.9831839799880981,0.9831839799880981,0.7604113348763598,1.6383341312457842,1.5,0.6567087732350736,0.86345374584198,0.8639728426933289,0.9993987679481506,0.0,1.0000000094925512,True,0.5614296197891235,10.69223690032959,37.85680389404297,3.6462970972061157,0.6277150221751129,6.4976232051849365
8,0.0625,l1,34,68,0.029967568814754486,23.525462962962962,0.0,38.71493911743164,0.0169951431453228,0.9882782697677612,0.9706816673278809,0.9706816673278809,True,0.8164327815990968,1.4961178874950305,1,0.6967144322377554,0.8532008528709412,0.853665292263031,0.999455988407135,0.0,0.9999999996613542,0.5676338076591492,0.9680413007736206,False,0.8002059495187009,1.5508372007025466,1,0.6885524828574785,0.8603753447532654,0.8608914613723755,0.9994004368782043,0.0,1.0000000193237484,0.769157737493515,0.9693614840507507,0.8083193655588989,1.5234775440987884,1.0,0.692633457547617,0.8567880988121033,0.8572783768177032,0.9994282126426697,0.0,1.0000000094925512,False,0.617505669593811,11.51186752319336,38.715362548828125,5.33958933353424,1.222409326345614,6.564146995544434
8,0.25,l1,34,68,0.03608880937099457,28.26064814814815,0.0,39.73994827270508,0.017445102334022522,0.9958108067512512,0.34076836705207825,0.5839734077453613,False,0.30818114977591754,8.564678845797527,8,0.25534217120583474,0.8032451272010803,0.806711733341217,0.9957027435302734,0.0,0.9999999996613543,0.27185025811195374,0.7921574115753174,False,0.5956894698749893,2.7547047572931587,1,0.5039579876152016,0.8159405589103699,0.8179875016212463,0.9974976181983948,0.0,1.0000000193237484,0.306309312582016,0.6880654096603394,0.4519353098254534,5.659691801545343,4.5,0.3796500794105182,0.8095928430557251,0.8123496174812317,0.9966001808643341,0.0,1.0000000094925514,False,0.7542715072631836,16.100502014160156,39.739952087402344,13.9093599319458,5.167879084981877,6.8611741065979
8,0.5,l1,34,68,0.03706733509898186,29.635185185185186,0.0,42.582115173339844,0.01869276352226734,0.9999220967292786,0.3293609917163849,0.4494123160839081,False,0.15627652109044374,17.972605368860854,18,0.12300001253829271,0.7870485782623291,0.7916601300239563,0.9941748380661011,0.0,0.9999999996613541,0.2706559896469116,0.6928743124008179,False,0.44259287141283815,4.7587025609145215,2,0.3580098247506058,0.8086479306221008,0.8115089535713196,0.9964743852615356,0.0,1.0000000193237484,0.30000849068164825,0.571143314242363,0.29943469625164093,11.365653964887688,10.0,0.24050491864444923,0.797848254442215,0.8015845417976379,0.9953246116638184,0.0,1.0000000094925512,False,0.7935147881507874,17.432722091674805,42.581939697265625,25.57102905511856,11.797334308378701,6.6138389110565186
9,0.0,l1,34,68,0.031018195673823357,15.889814814814814,0.0,78.86679077148438,0.034621063619852066,0.9996371865272522,0.7148739099502563,0.7306022644042969,False,0.2531210204192453,4.0216075419413535,4,0.23080439297053798,0.9116523861885071,0.9132313132286072,0.9982710480690002,0.0,0.9999999996613543,0.7082051038742065,0.7082051038742065,False,0.2575610947861429,4.042123960287647,4,0.22837296245755648,0.886181116104126,0.8882196545600891,0.9977049231529236,0.0,1.0000000193237484,0.7115395069122314,0.7194036841392517,0.2553410576026941,4.0318657511145,4.0,0.22958867771404723,0.8989167511463165,0.9007254838943481,0.9979879856109619,0.0,1.0000000094925514,False,0.4870745539665222,8.8121976852417,78.86900329589844,2.249514091014862,0.5254726044606776,6.546870946884155
9,0.025,l1,34,68,0.026131704449653625,19.194444444444443,0.0,37.48480987548828,0.016455139964818954,0.9819678664207458,0.6764000058174133,0.6764000058174133,False,0.24125040861303554,4.41388909039224,4,0.21559977641908118,0.8934492468833923,0.894030749797821,0.9993495941162109,0.0,0.9999999996613542,0.7097974419593811,0.7133340239524841,False,0.2495064904872957,4.1019422701250745,4,0.22610652629315917,0.9059123992919922,0.9062098860740662,0.9996716976165771,0.0,1.0000000193237484,0.6930987238883972,0.6948670148849487,0.24537844955016563,4.257915680258657,4.0,0.22085315135612016,0.8996808230876923,0.9001203179359436,0.999510645866394,0.0,1.0000000094925512,False,0.4997307062149048,10.223677635192871,37.48493957519531,3.481589722633362,0.566569290352383,6.7131593227386475
9,0.0625,l1,34,68,0.029568053781986237,23.76527777777778,0.0,37.61249923706055,0.01651119254529476,0.9943517446517944,0.9718540906906128,0.9718540906906128,True,0.8315247202873374,1.440864420205572,1,0.7133029129328975,0.8576992154121399,0.8580485582351685,0.9995929002761841,0.0,0.9999999996613541,0.9281189441680908,0.9281189441680908,True,0.6962123613773126,1.984727965605459,3,0.5926314290594978,0.8510473370552063,0.8514050245285034,0.9995798468589783,0.0,1.0000000193237484,0.9499865174293518,0.9499865174293518,0.7638685408323249,1.7127961929055155,2.0,0.6529671709961977,0.8543732762336731,0.8547267913818359,0.9995863735675812,0.0,1.0000000094925512,True,0.6131850481033325,11.359579086303711,37.61252212524414,5.235883498191834,1.17650796787354,6.563356637954712
9,0.25,l1,34,68,0.03797828033566475,29.18888888888889,0.0,41.665496826171875,0.018290385603904724,0.9964237809181213,0.3774341642856598,0.4909013509750366,False,0.17816756010159934,14.899953624246542,11,0.1402887508913568,0.7873164415359497,0.7918175458908081,0.994315505027771,0.0,0.9999999996613542,0.6256908178329468,0.6551040410995483,False,0.22388251731756253,9.579739102819937,12,0.17767044271593477,0.7933316230773926,0.7975783944129944,0.9946754574775696,0.0,1.0000000193237484,0.5015624910593033,0.5730026960372925,0.20102503870958094,12.239846363533239,11.5,0.1589795968036458,0.7903240323066711,0.7946979701519012,0.9944954812526703,0.0,1.0000000094925512,False,0.8181744813919067,15.739046096801758,41.66565704345703,14.382397961616515,5.844674352103551,6.5918121337890625
9,0.5,l1,34,68,0.040773842483758926,30.414814814814815,0.0,45.57566833496094,0.020006878301501274,0.9962453842163086,0.2861122488975525,0.4550396203994751,False,0.11485529688814307,18.47918739773369,23,0.08707390069720095,0.7580037713050842,0.7620103359222412,0.9947420954704285,0.0,0.9999999996613541,0.19792261719703674,0.7389654517173767,False,0.5535947413647802,3.160354314233214,1,0.47004326349876985,0.7991390824317932,0.800818920135498,0.9979023933410645,0.0,1.0000000193237484,0.24201743304729462,0.5970025360584259,0.33422501912646163,10.819770855983451,12.0,0.2785585820979854,0.7785714268684387,0.7814146280288696,0.9963222444057465,0.0,1.0000000094925512,False,0.8998295664787292,17.725006103515625,45.57579803466797,27.232729804515838,14.216882647049285,6.907231092453003
10,0.0,l1,34,68,0.030983947217464447,16.12037037037037,0.0,81.34022521972656,0.035706862807273865,0.9981563091278076,0.7106825709342957,0.7340503931045532,False,0.25283887013213424,4.598456124482083,5,0.2310645425787243,0.9135187864303589,0.9149570465087891,0.9984279870986938,0.0,0.9999999996613542,0.7025812268257141,0.7025812268257141,False,0.25180224840658116,4.675041429226828,5,0.22357427033725052,0.8873002529144287,0.8892905712127686,0.9977619051933289,0.0,1.0000000193237482,0.7066318988800049,0.7183158099651337,0.2523205592693577,4.636748776854455,5.0,0.22731940645798743,0.9004095196723938,0.9021238088607788,0.9980949461460114,0.0,1.0000000094925512,False,0.4913414716720581,8.802194595336914,81.33882141113281,2.251780390739441,0.4803630210491291,6.503541469573975
10,0.025,l1,34,68,0.028931135311722755,19.16296296296296,0.0,39.020145416259766,0.01712912693619728,0.9660196900367737,0.9869028329849243,0.9869028329849243,True,0.4684892958714655,2.329545787236305,3,0.4165951172054845,0.8889142274856567,0.8902643322944641,0.9984835386276245,0.0,0.9999999996613543,0.9848319292068481,0.9848319292068481,True,0.45712828154797086,2.404172987138553,3,0.4031445638794468,0.881156325340271,0.8824093341827393,0.9985799789428711,0.0,1.0000000193237482,0.9858673810958862,0.9858673810958862,0.4628087887097182,2.366859387187429,3.0,0.40986984054246567,0.8850352764129639,0.8863368332386017,0.9985317587852478,0.0,1.0000000094925512,True,0.5195412635803223,10.07489013671875,39.02022933959961,3.5100250244140625,0.59062654572933,6.520960569381714
10,0.0625,l1,34,68,0.030640069395303726,23.57777777777778,0.0,40.160064697265625,0.017629526555538177,0.9794241189956665,0.9745062589645386,0.9745062589645386,True,0.8495376411019271,1.382209778298611,1,0.7326474221709439,0.862171471118927,0.8629790544509888,0.9990642070770264,0.0,0.9999999996613543,0.9680261611938477,0.9680261611938477,True,0.8395244078285314,1.414456109555349,1,0.7221450447269651,0.8600258827209473,0.8606462478637695,0.9992792010307312,0.0,1.0000000193237484,0.9712662100791931,0.9712662100791931,0.8445310244652293,1.39833294392698,1.0,0.7273962334489545,0.8610986769199371,0.8618126511573792,0.9991717040538788,0.0,1.0000000094925514,True,0.5973397493362427,11.41450309753418,40.16063690185547,5.390280175209046,1.2871503873620125,6.555445432662964
10,0.25,l1,34,68,0.036379218101501465,29.19074074074074,0.0,42.273284912109375,0.018557192757725716,0.9982239603996277,0.34588825702667236,0.5189436674118042,False,0.1936041641516485,15.093795251469807,14,0.15279583762224136,0.7834463715553284,0.7877099514007568,0.9945873618125916,0.0,0.9999999996613542,0.7612168192863464,0.7612168192863464,False,0.5237237482332656,3.510872689751936,1,0.4279056954276201,0.8161606788635254,0.8182752728462219,0.9974157810211182,0.0,1.0000000193237482,0.5535525381565094,0.6400802433490753,0.35866395619245706,9.30233397061087,7.5,0.29035076652493075,0.7998035252094269,0.8029926121234894,0.9960015714168549,0.0,1.0000000094925512,False,0.7120475172996521,15.666360855102539,42.272953033447266,14.413557946681976,5.815897770411737,7.817536354064941
10,0.5,l1,34,68,0.03865019977092743,30.381944444444443,0.0,44.55660629272461,0.019559528678655624,0.9981722235679626,0.4315604567527771,0.4602290391921997,False,0.11968782178462711,19.920366700229696,21,0.09545381272310874,0.7969909906387329,0.8025027513504028,0.9931318163871765,0.0,0.9999999996613541,0.6914201974868774,0.6914201974868774,False,0.4438150470144926,4.745632437737059,2,0.35788751650043316,0.8060438632965088,0.8087061643600464,0.9967079758644104,0.0,1.0000000193237484,0.5614903271198273,0.5758246183395386,0.28175143439955985,12.332999568983377,11.5,0.22667066461177093,0.8015174269676208,0.8056044578552246,0.9949198961257935,0.0,1.0000000094925512,False,0.7765178084373474,16.784381866455078,44.556434631347656,26.41161149740219,12.647482004560286,6.600036382675171
11,0.0,l1,34,68,0.03260580077767372,15.336574074074074,0.0,83.68070983886719,0.036734290421009064,0.9995035529136658,0.7193812727928162,0.7246575355529785,False,0.2524487411576706,4.021600835286393,4,0.23000906989746792,0.9108986854553223,0.912330687046051,0.9984303712844849,0.0,0.9999999996613542,0.7040724754333496,0.7040724754333496,False,0.25491652341884224,4.028126254716472,4,0.22560028274249358,0.8847692608833313,0.8868556618690491,0.9976474046707153,0.0,1.0000000193237484,0.7117268741130829,0.7143650054931641,0.2536826322882564,4.024863545001432,4.0,0.22780467631998075,0.8978339731693268,0.89959317445755,0.9980388879776001,0.0,1.0000000094925512,False,0.5196045637130737,8.681782722473145,83.68114471435547,2.2559611082077025,0.5158819415015777,6.529008150100708
11,0.025,l1,34,68,0.028662415221333504,19.514814814814816,0.0,39.589630126953125,0.017379118129611015,0.9462023377418518,0.7137943506240845,0.7137943506240845,False,0.2515982267407848,4.110450665674246,4,0.2285765499905324,0.9084135293960571,0.9085462689399719,0.9998539090156555,0.0,0.9999999996613543,0.6654258370399475,0.6654258370399475,False,0.24266397836550524,4.562104450076104,4,0.2162607720505643,0.890279233455658,0.8913232684135437,0.998828649520874,0.0,1.0000000193237484,0.689610093832016,0.689610093832016,0.24713110255314502,4.336277557875174,4.0,0.22241866102054836,0.8993463814258575,0.8999347686767578,0.9993412792682648,0.0,1.0000000094925514,False,0.5471773147583008,10.204071044921875,39.58961868286133,3.5777319908142093,0.6355780933217973,6.597283601760864
11,0.0625,l1,34,68,0.02799554541707039,24.318981481481483,0.0,39.9368782043457,0.01753155328333378,0.9923204779624939,0.954373836517334,0.954373836517334,True,0.7930197259821031,1.5785045737250112,1,0.6795812146347272,0.8562436699867249,0.8569251298904419,0.9992047548294067,0.0,0.9999999996613542,0.22510361671447754,0.9209882020950317,False,0.5784474352479091,2.609269421399379,2,0.5013207933369117,0.8493285179138184,0.8499966859817505,0.9992139935493469,0.0,1.0000000193237484,0.5897387266159058,0.9376810193061829,0.6857335806150061,2.093886997562195,1.5,0.5904510039858195,0.8527860939502716,0.8534609079360962,0.9992093741893768,0.0,1.0000000094925512,False,0.5951880216598511,11.642098426818848,39.936954498291016,5.419667363166809,1.2977446822170113,6.537829875946045
11,0.25,l1,34,68,0.0364532507956028,28.7375,0.0,45.24430847167969,0.019861416891217232,0.9999709129333496,0.37772274017333984,0.4688572585582733,False,0.17720148776844707,13.313201724941012,14,0.1376344961495063,0.7763442397117615,0.7793282866477966,0.9961709976196289,0.0,0.9999999996613542,0.6344743371009827,0.6583287119865417,False,0.21586157986847557,9.72681006759721,11,0.17617297525140674,0.8150652647018433,0.8188573718070984,0.9953690767288208,0.0,1.0000000193237484,0.5060985386371613,0.5635929852724075,0.19653153381846133,11.520005896269112,12.5,0.15690373570045651,0.7957047522068024,0.7990928292274475,0.9957700371742249,0.0,1.0000000094925512,False,0.764840841293335,14.901905059814453,45.24474334716797,15.056407690048218,6.718327623567087,6.55157732963562
11,0.5,l1,34,68,0.037308868020772934,30.43425925925926,0.0,43.754554748535156,0.019207444041967392,0.9999973177909851,0.3843841254711151,0.4876081943511963,False,0.17015370936584492,15.227544486206126,16,0.13277418071640928,0.7791038155555725,0.7831282019615173,0.9948611259460449,0.0,0.9999999996613543,0.6348974108695984,0.6360624432563782,False,0.19790089251310017,10.486877783446335,12,0.16160409805711567,0.8161282539367676,0.8198546767234802,0.9954547882080078,0.0,1.0000000193237484,0.5096407681703568,0.5618353188037872,0.18402730093947256,12.85721113482623,14.0,0.14718913938676248,0.79761603474617,0.8014914393424988,0.9951579570770264,0.0,1.0000000094925514,False,0.8204201459884644,17.018447875976562,43.75465774536133,26.10143859386444,12.901643166018669,6.668015003204346
0,0.0,topk,34,68,0.006460363976657391,15.999537037037037,0.029411764705882353,91.22801971435547,0.04004742205142975,0.9876079559326172,0.9997894167900085,0.9997894167900085,True,0.9999785969450973,1.0000427748911207,1,0.9999734859033252,0.9999854564666748,0.9999974370002747,0.9999880194664001,0.007916491086853645,0.9999686637548099,0.9997950792312622,0.9997950792312622,True,0.9999664521869779,1.000067075371667,1,0.9997910816960812,0.9997972249984741,0.9998056888580322,0.9999915361404419,0.008775262662178913,0.9999615159658429,0.9997922480106354,0.9997922480106354,0.9999725245660376,1.0000549251313937,1.0,0.9998822837997032,0.9998913407325745,0.9999015629291534,0.999989777803421,0.00834587687451628,0.9999650898603264,True,0.08099518716335297,17.061336517333984,91.22450256347656,0.08099518716335297,0.2563569466860144,13.629616737365723
0,0.025,topk,34,68,0.013679483905434608,16.0,0.3382352941176471,40.89446258544922,0.01795191504061222,0.9999989867210388,0.9969867467880249,0.9969867467880249,True,0.9904776603487738,1.0193128096167412,1,0.9978847820345592,1.0041111707687378,1.0045350790023804,0.9995779991149902,0.0,0.9999999996613542,0.9950056076049805,0.9950056076049805,True,0.9955101342922926,1.0090371192882157,1,0.994580742252553,0.9945129156112671,0.9952479600906372,0.9992614388465881,0.0,1.0000000193237482,0.9959961771965027,0.9959961771965027,0.9929938973205332,1.0141749644524785,1.0,0.996232762143556,0.9993120431900024,0.9998915195465088,0.9994197189807892,0.0,1.0000000094925512,True,0.23049044609069824,19.346843719482422,40.89388656616211,1.252837610244751,0.709421948627121,14.043177604675293
0,0.0625,topk,34,68,0.0363105945289135,15.999537037037037,0.20588235294117646,39.661048889160156,0.01741046831011772,0.9999993443489075,0.42656925320625305,0.5440191626548767,False,0.7739864381948331,1.6080284530836013,2,0.7705769555284327,0.991509735584259,0.9923932552337646,0.9991097450256348,0.0,0.9999999996613541,0.9498322010040283,0.9498322010040283,True,0.9353298745234548,1.1423634737632915,1,0.9427162941342911,0.9839157462120056,0.9864438772201538,0.9974371790885925,0.0,1.0000000193237486,0.6882007271051407,0.7469256818294525,0.854658156359144,1.3751959634234465,1.5,0.856646624831362,0.9877127408981323,0.9894185662269592,0.9982734620571136,0.0,1.0000000094925514,False,0.7041810750961304,27.15252113342285,39.66096496582031,3.1829913854599,1.8303840425030562,13.930854558944702
0,0.25,topk,34,68,0.05939246341586113,16.0,0.23529411764705882,43.787872314453125,0.019222069531679153,0.9999997019767761,0.38121941685676575,0.6277028322219849,False,0.43349257053752327,4.22064516220753,4,0.3817759988487132,0.87795490026474,0.8909839987754822,0.9853767156600952,0.0,0.9999999996613542,0.673323929309845,0.673323929309845,False,0.5202887771296124,3.48932830928349,3,0.48043742828915154,0.8714115619659424,0.8851071000099182,0.9845267534255981,0.0,1.0000000193237484,0.5272716730833054,0.6505133807659149,0.47689067383356787,3.85498673574551,3.5,0.4311067135689324,0.8746832311153412,0.8880455493927002,0.9849517345428467,0.0,1.0000000094925512,False,1.2625133991241455,37.55693435668945,43.787818908691406,12.209468126296997,6.9679930480253125,14.158759117126465
0,0.5,topk,34,68,0.07379699498414993,16.0,0.3235294117647059,47.39422607421875,0.02080519124865532,0.9999997615814209,0.4020921587944031,0.4693738520145416,False,0.6312022380789883,2.0935740281066364,2,0.5998943748666808,0.9350618124008179,0.9357578754425049,0.9992561340332031,0.0,0.9999999996613543,0.626832127571106,0.626832127571106,False,0.3599664975693561,6.044904176636231,7,0.27656568735679293,0.7655701637268066,0.7910970449447632,0.9677323698997498,0.0,1.0000000193237484,0.5144621431827545,0.5481029897928238,0.49558436782417226,4.069239102371434,4.5,0.43823003111173686,0.8503159880638123,0.863427460193634,0.9834942519664764,0.0,1.0000000094925514,False,1.6810760498046875,38.504852294921875,47.39414978027344,25.378150939941406,15.172966278960292,14.007920503616333
1,0.0,topk,34,68,0.0071655744686722755,16.0,0.029411764705882353,97.73228454589844,0.04290267080068588,0.9979444146156311,0.8055328130722046,0.8224248290061951,False,0.8933541819614872,1.242700859731791,1,0.8979430092269856,0.9994007349014282,0.999413013458252,0.9999877214431763,0.0,0.9999999996613542,0.8044528365135193,0.8044528365135193,False,0.9945064324387435,1.0110649770178677,1,0.9952078964729942,1.0006049871444702,1.0006197690963745,0.9999851584434509,0.0,1.0000000193237484,0.8049928247928619,0.8134388327598572,0.9439303072001153,1.1268829183748292,1.0,0.9465754528499899,1.0000028610229492,1.0000163912773132,0.9999864399433136,0.0,1.0000000094925512,False,0.0852956473827362,17.275150299072266,97.72634887695312,0.0852956473827362,0.24649681227456066,13.703394889831543
1,0.025,topk,34,68,0.014150920324027538,16.0,0.27941176470588236,38.774295806884766,0.01702120341360569,0.9999997019767761,0.8629359602928162,0.8629359602928162,False,0.9928492426324793,1.0144313920909225,1,0.994044390827049,0.9975603818893433,0.9977169632911682,0.9998430609703064,0.0,0.9999999996613542,0.9926736950874329,0.9926736950874329,True,0.9816995700937149,1.0375870709150161,1,0.9809095309472616,0.9947252869606018,0.9955732822418213,0.9991482496261597,0.0,1.0000000193237484,0.9278048276901245,0.9278048276901245,0.9872744063630972,1.0260092315029694,1.0,0.9874769608871553,0.9961428344249725,0.9966451227664948,0.999495655298233,0.0,1.0000000094925512,False,0.2377547174692154,19.855255126953125,38.77423095703125,1.2071104913949968,0.6683543539064168,14.165728569030762
1,0.0625,topk,34,68,0.032584380358457565,16.0,0.23529411764705882,39.044132232666016,0.017139656469225883,0.9999999403953552,0.6914306282997131,0.6914306282997131,False,0.9800824193237718,1.040999469770322,1,1.0187480219246023,0.9828937649726868,0.9833094477653503,0.9995772838592529,0.0,0.9999999996613542,0.9104592800140381,0.9104592800140381,True,0.888157554873087,1.2613320326481818,1,0.8801128382454025,0.9832413196563721,0.9856159687042236,0.9975907206535339,0.0,1.0000000193237484,0.8009449541568756,0.8009449541568756,0.9341199870984294,1.151165751209252,1.0,0.9494304300850025,0.9830675423145294,0.984462708234787,0.9985840022563934,0.0,1.0000000094925512,False,0.590463399887085,24.239946365356445,39.044189453125,3.0307252407073975,1.5880353772996953,13.909046411514282
1,0.25,topk,34,68,0.06437477469444275,16.0,0.16176470588235295,41.78008270263672,0.018340686336159706,0.9999968409538269,0.4078628420829773,0.5958327054977417,False,0.3561320468531671,5.417148845079452,5,0.3047052698603961,0.8506851196289062,0.866115152835846,0.9821848273277283,0.0,0.9999999996613543,0.5123482942581177,0.7942522168159485,False,0.6562555540607043,2.2727525025174677,1,0.5921269823979142,0.8840402960777283,0.899262011051178,0.9830731153488159,0.0,1.0000000193237482,0.4601055681705475,0.6950424611568451,0.5061938004569357,3.8449506737984596,3.0,0.44841612612915516,0.8673627078533173,0.882688581943512,0.9826289713382721,0.0,1.0000000094925512,False,1.2134400606155396,46.708091735839844,41.779937744140625,11.658424496650696,6.547764916552534,13.93560266494751
1,0.5,topk,34,68,0.07590356469154358,16.0,0.14705882352941177,43.94581604003906,0.019291402772068977,0.9999998807907104,0.4362488389015198,0.5011783242225647,False,0.1807956202846673,11.400270449682905,12,0.14644514245377263,0.7961892485618591,0.8112586140632629,0.9814247488975525,0.0,0.9999999996613543,0.5479142665863037,0.6689298748970032,False,0.3781335808201401,6.014155335612125,8,0.32312591855971595,0.8329403400421143,0.8415933847427368,0.9897183179855347,0.0,1.0000000193237484,0.49208155274391174,0.5850540995597839,0.2794646005524037,8.707212892647515,10.0,0.23478553050674428,0.8145647943019867,0.8264259994029999,0.9855715334415436,0.0,1.0000000094925514,False,1.5165512561798096,40.18537902832031,43.945556640625,23.48932957649231,13.00359810334326,13.968968391418457
2,0.0,topk,34,68,0.01045319065451622,15.999074074074073,0.029411764705882353,71.45465087890625,0.03136727586388588,0.999455988407135,0.9998090267181396,0.9998090267181396,True,0.8303415035814098,1.3942735899287444,2,0.8317463342065149,1.0009766817092896,1.0009909868240356,0.9999856948852539,0.004042782866681813,0.9999918275813064,0.9997333884239197,0.9997333884239197,True,0.9999619796827731,1.0000760833620397,1,0.9998007449662548,0.9998263120651245,0.9998453259468079,0.9999809861183167,0.006505206096673809,0.999978860247124,0.9997712075710297,0.9997712075710297,0.9151517416320915,1.197174836645392,1.5,0.9157735395863849,1.000401496887207,1.0004181563854218,0.9999833405017853,0.005273994481677811,0.9999853439142152,True,0.11566102504730225,17.479389190673828,71.45099639892578,0.11566102504730225,0.28586143939941755,13.648598909378052
2,0.025,topk,34,68,0.019429514184594154,16.0,0.2647058823529412,37.17241668701172,0.016318006440997124,0.9999998807907104,0.46423327922821045,0.9741758704185486,False,0.5456558808584275,2.5771558353099038,3,0.5447400224938569,0.9877499341964722,0.9887771606445312,0.9989610910415649,0.0,0.9999999996613542,0.9949515461921692,0.9949515461921692,True,0.9924569597917663,1.0152518515883207,1,0.9953545226220748,0.9991448521614075,0.9995594024658203,0.9995852708816528,0.0,1.0000000193237482,0.7295924127101898,0.9845637083053589,0.7690564203250969,1.796203843449112,2.0,0.7700472725579659,0.9934473931789398,0.9941682815551758,0.9992731809616089,0.0,1.0000000094925512,False,0.3316812217235565,20.690929412841797,37.1723518371582,1.2609900176525115,0.7760495721507827,13.962890386581421
2,0.0625,topk,34,68,0.03789887949824333,16.0,0.17647058823529413,39.6478271484375,0.017404664307832718,0.9999993443489075,0.3625907599925995,0.5666893720626831,False,0.5162742461294498,2.0570803256844576,2,0.5185017682586491,0.9961050748825073,0.9971213936805725,0.9989807605743408,0.0,0.9999999996613542,0.9181573390960693,0.9181573390960693,True,0.8824619667441131,1.2743205712740735,1,0.9180507570852734,0.9898042678833008,0.9928512573242188,0.9969310760498047,0.0,1.0000000193237484,0.6403740495443344,0.7424233555793762,0.6993681064367815,1.6657004484792655,1.5,0.7182762626719612,0.992954671382904,0.9949863255023956,0.9979559183120728,0.0,1.0000000094925512,False,0.682621955871582,26.191314697265625,39.64775085449219,3.1606063842773438,1.73788522705619,13.992163896560669
2,0.25,topk,34,68,0.06014284864068031,16.0,0.20588235294117646,45.57368087768555,0.020006006583571434,0.9999999403953552,0.34032130241394043,0.6231445670127869,False,0.38074376427261547,5.390571508302802,6,0.33828621184715324,0.8753505349159241,0.8864445090293884,0.9874848127365112,0.0,0.9999999996613543,0.5018643736839294,0.7662836313247681,False,0.5922031746051787,2.503390617857869,2,0.5993411726146757,0.9341527223587036,0.9470942616462708,0.9863355755805969,0.0,1.0000000193237482,0.42109283804893494,0.6947140991687775,0.4864734694388971,3.9469810630803357,4.0,0.46881369223091446,0.9047516286373138,0.9167693853378296,0.9869101941585541,0.0,1.0000000094925512,False,1.189293622970581,32.42290496826172,45.57400894165039,12.582795858383179,6.9162967924218774,13.830589532852173
2,0.5,topk,34,68,0.06430725753307343,16.0,0.2647058823529412,47.406864166259766,0.02081073820590973,0.9999998211860657,0.35169583559036255,0.470164954662323,False,0.8178841408772501,1.4835717876295187,1,0.7798341287695438,0.9487084746360779,0.9494907259941101,0.9991761445999146,0.0,0.9999999996613541,0.5110576152801514,0.7148026823997498,False,0.49159472294179524,3.9112226345729555,2,0.4096970596745267,0.8171316981315613,0.8311368823051453,0.9831493496894836,0.0,1.0000000193237484,0.43137672543525696,0.5924838185310364,0.6547394319095227,2.697397211101237,1.5,0.5947655942220352,0.8829200863838196,0.8903138041496277,0.9911627471446991,0.0,1.0000000094925512,False,1.3241990804672241,50.148521423339844,47.40692901611328,25.027663588523865,14.674205419573966,14.079030275344849
3,0.0,topk,34,68,0.003941263537853956,16.0,0.10294117647058823,99.97611999511719,0.0438876748085022,0.9836320281028748,0.999849259853363,0.999849259853363,True,0.9999750871749256,1.0000498701473788,1,1.000137122602381,1.000103235244751,1.0001120567321777,0.9999911189079285,0.0,0.9999999996613542,0.5828593969345093,0.9998375773429871,False,0.9999789135477022,1.0000422005984697,1,0.9998388390147904,0.9998193383216858,0.9998301267623901,0.9999892115592957,0.0,1.0000000193237482,0.7913543283939362,0.999843418598175,0.9999770003613139,1.0000460353729244,1.0,0.9999879808085856,0.9999612867832184,0.9999710917472839,0.9999901652336121,0.0,1.0000000094925512,False,0.05053521692752838,17.364543914794922,99.97209167480469,0.05053521692752838,0.231849942431089,13.877275228500366
3,0.025,topk,34,68,0.014202462509274483,16.0,0.27941176470588236,37.66242218017578,0.016533108428120613,0.9999995231628418,0.9948061108589172,0.9948061108589172,True,0.9881705858920717,1.024056167898415,1,0.9840165518241579,0.9907168745994568,0.9911238551139832,0.9995893836021423,0.0,0.9999999996613542,0.2915349304676056,0.9971510171890259,False,0.993255711736658,1.0136152320134548,1,0.998730038658671,1.000600814819336,1.0010099411010742,0.9995912909507751,0.0,1.0000000193237484,0.6431705206632614,0.9959785640239716,0.9907131488143649,1.018835699955935,1.0,0.9913732952414145,0.9956588447093964,0.9960668981075287,0.9995903372764587,0.0,1.0000000094925512,False,0.23454827070236206,19.659564971923828,37.66257095336914,1.1761125445365908,0.6728189397150784,14.093267917633057
3,0.0625,topk,34,68,0.04224352911114693,16.0,0.14705882352941177,40.43592834472656,0.01775062456727028,0.9999999403953552,0.7796021103858948,0.7796021103858948,False,0.5865955497691842,2.2878043467750477,2,0.5742772053599045,0.9760593175888062,0.9795870184898376,0.9963987469673157,0.0,0.9999999996613541,0.6783071160316467,0.6783071160316467,False,0.5028436201675127,2.7788976395246934,3,0.4968517305359577,0.9813454151153564,0.9843295812606812,0.9969682693481445,0.0,1.0000000193237484,0.7289546132087708,0.7289546132087708,0.5447195849683484,2.5333509931498703,2.5,0.5355644679479311,0.9787023663520813,0.9819582998752594,0.9966835081577301,0.0,1.0000000094925512,False,0.6618411540985107,29.126407623291016,40.43580627441406,3.1890790462493896,1.7773536852805198,13.864195346832275
3,0.25,topk,34,68,0.06125527620315552,16.0,0.17647058823529413,42.68574905395508,0.01873825676739216,0.9999997615814209,0.4257240891456604,0.5564594268798828,False,0.3312119595701758,5.979995668727419,5,0.2924701323093355,0.8775064945220947,0.8887006044387817,0.987403929233551,0.0,0.9999999996613541,0.6393433213233948,0.6715256571769714,False,0.33267544951296535,5.356324957253977,6,0.33677638577882885,0.8631207346916199,0.8755894899368286,0.9857596158981323,0.0,1.0000000193237484,0.5325337052345276,0.6139925420284271,0.3319437045415706,5.668160312990699,5.5,0.31462325904408217,0.8703136146068573,0.8821450471878052,0.9865817725658417,0.0,1.0000000094925512,False,1.1992945671081543,31.616884231567383,42.68523406982422,11.870603084564209,6.343707404227078,13.917828559875488
3,0.5,topk,34,68,0.06708389520645142,16.0,0.16176470588235295,44.84077453613281,0.01968427188694477,0.9999997019767761,0.39630433917045593,0.5398572683334351,False,0.2906908267785174,7.685818439331384,8,0.245279193038676,0.8331945538520813,0.8468731045722961,0.9838481545448303,0.0,0.9999999996613543,0.6031479239463806,0.6636446714401245,False,0.2798708353956196,5.730450076350565,7,0.2838641716369284,0.8607932329177856,0.8753162026405334,0.9834083318710327,0.0,1.0000000193237486,0.4997261315584183,0.6017509698867798,0.2852808310870685,6.708134257840975,7.5,0.2645716823378022,0.8469938933849335,0.8610946536064148,0.9836282432079315,0.0,1.0000000094925514,False,1.3059110641479492,33.60813903808594,44.84074020385742,23.72628116607666,13.162707548863999,14.019668817520142
4,0.0,topk,34,68,0.009224525652825832,15.998611111111112,0.0,85.82887268066406,0.03767729550600052,0.9984534382820129,0.9095609188079834,0.9095609188079834,True,0.607490292173332,2.24164372514319,3,0.6066136219685583,0.9984906315803528,0.9984996914863586,0.9999908804893494,0.01133524461184866,0.9999357537123561,0.8966332674026489,0.8966332674026489,False,0.8128107978595959,1.4745428509407847,3,0.8127691889585399,0.9999179840087891,0.9999246001243591,0.9999933838844299,0.003783697702331515,0.9999928611141156,0.9030970931053162,0.9030970931053162,0.7101505450164639,1.8580932880419874,3.0,0.709691405463549,0.9992043077945709,0.9992121458053589,0.9999921321868896,0.007559471157090087,0.9999643074132358,False,0.10585740208625793,16.74090576171875,85.8284912109375,0.10585740208625793,0.25784128201821965,13.483711957931519
4,0.025,topk,34,68,0.015228542499244213,16.0,0.19117647058823528,37.52226257324219,0.016471581533551216,0.9999995827674866,0.9885672330856323,0.9885672330856323,True,0.9925371766582626,1.01508554267987,1,0.9990502842239288,0.9966607689857483,0.9970049262046814,0.9996547698974609,0.0,0.9999999996613541,0.9899657964706421,0.9899657964706421,True,0.9765082769812587,1.0485766304063395,1,0.9797552094010681,0.9971300363540649,0.9976938962936401,0.999434769153595,0.0,1.0000000193237484,0.9892665147781372,0.9892665147781372,0.9845227268197607,1.0318310865431046,1.0,0.9894027468124984,0.9968954026699066,0.9973494112491608,0.999544769525528,0.0,1.0000000094925512,True,0.27948036789894104,21.048721313476562,37.522071838378906,1.2175321638584138,0.6786069837125787,14.006859540939331
4,0.0625,topk,34,68,0.036020513623952866,16.0,0.20588235294117646,38.674476623535156,0.016977380961179733,0.999999463558197,0.6980376243591309,0.6980376243591309,False,0.6650539837676218,1.9265128201332624,2,0.6601982919011973,0.9865155816078186,0.9898380637168884,0.9966434240341187,0.0,0.9999999996613543,0.4086017310619354,0.5916417837142944,False,0.4713904591594346,2.2656533154860314,2,0.46894967680354355,0.9857205748558044,0.9865230321884155,0.9991865754127502,0.0,1.0000000193237484,0.5533196777105331,0.6448397040367126,0.5682222214635282,2.096083067809647,2.0,0.5645739843523704,0.9861180782318115,0.988180547952652,0.9979149997234344,0.0,1.0000000094925514,False,0.6446332931518555,28.32131576538086,38.67449188232422,3.061789035797119,1.603364075969475,13.982129096984863
4,0.25,topk,34,68,0.05879342183470726,16.0,0.22058823529411764,40.85612487792969,0.01793508604168892,0.9999998211860657,0.3515044152736664,0.4537670314311981,False,0.22573161577662296,11.352916167675133,12,0.20541053684576965,0.8633080720901489,0.8688487410545349,0.9936230182647705,0.0,0.9999999996613543,0.702970027923584,0.702970027923584,False,0.45453447744706366,4.312240756352541,4,0.4127583597070065,0.8917196393013,0.8971955180168152,0.9938966631889343,0.0,1.0000000193237486,0.5272372215986252,0.578368529677391,0.3401330466118433,7.832578462013837,8.0,0.30908444827638804,0.8775138556957245,0.883022129535675,0.9937598407268524,0.0,1.0000000094925514,False,1.0948395729064941,31.779090881347656,40.85602569580078,11.30884599685669,5.809656357324376,14.01567816734314
4,0.5,topk,34,68,0.0694221779704094,16.0,0.23529411764705882,40.92124938964844,0.017963673919439316,0.9999995827674866,0.39714136719703674,0.39714136719703674,False,0.15033746783944607,13.606505871255832,15,0.12152066370534022,0.7674297094345093,0.7805358171463013,0.9832088351249695,0.0,0.9999999996613541,0.6016952991485596,0.6016952991485596,False,0.22016440333814502,8.278661797680037,8,0.19661863808425747,0.8284229040145874,0.8348810076713562,0.9922646284103394,0.0,1.0000000193237484,0.49941833317279816,0.49941833317279816,0.18525093558879555,10.942583834467936,11.5,0.15906965089479885,0.7979263067245483,0.8077084124088287,0.9877367317676544,0.0,1.0000000094925512,False,1.399878740310669,52.464534759521484,40.92101287841797,21.860385179519653,11.765818107698445,13.869758367538452
5,0.0,topk,34,68,0.009565001353621483,16.0,0.014705882352941176,70.75239562988281,0.03105899691581726,0.990477442741394,0.9997491240501404,0.9997491240501404,True,0.9999480004993869,1.0001039814968355,1,0.9997651266315652,0.9998137354850769,0.9998298287391663,0.9999839663505554,0.0,0.9999999996613541,0.9658921957015991,0.9658921957015991,True,0.9994959483073196,1.0010087664510086,1,0.9998832421405469,1.000311017036438,1.000357747077942,0.9999532699584961,0.0,1.0000000193237484,0.9828206598758698,0.9828206598758698,0.9997219744033532,1.000556373973922,1.0,0.999824184386056,1.0000623762607574,1.000093787908554,0.9999686181545258,0.0,1.0000000094925512,True,0.130438894033432,16.362520217895508,70.74954223632812,0.130438894033432,0.3027167354528386,13.60967230796814
5,0.025,topk,34,68,0.01709074340760708,16.0,0.29411764705882354,39.77948760986328,0.017462462186813354,0.9999995827674866,0.9968023896217346,0.9968023896217346,True,0.9936781399080232,1.01275862763328,1,0.9963008842051932,0.9966927766799927,0.9972299337387085,0.9994613528251648,0.0,0.9999999996613542,0.9953955411911011,0.9953955411911011,True,0.9937868888260262,1.012539380212778,1,0.9943061776008432,0.9927494525909424,0.9931992888450623,0.9995470643043518,0.0,1.0000000193237484,0.9960989654064178,0.9960989654064178,0.9937325143670247,1.0126490039230291,1.0,0.9953035309030183,0.9947211146354675,0.9952146112918854,0.9995042085647583,0.0,1.0000000094925512,True,0.27309924364089966,21.036502838134766,39.77973556518555,1.2675926327705382,0.725122972288894,13.965602397918701
5,0.0625,topk,34,68,0.04001162573695183,16.0,0.22058823529411764,38.85127258300781,0.01705499179661274,0.9999518394470215,0.5477073192596436,0.5477073192596436,False,0.7329808493272184,1.7273809660354411,2,0.7249300630803902,0.9855935573577881,0.9871422648429871,0.9984311461448669,0.0,0.9999999996613542,0.9060428142547607,0.9060428142547607,True,0.8561265749299818,1.357924536164437,1,0.8458559065860457,0.9615006446838379,0.9664707779884338,0.9948574304580688,0.0,1.0000000193237484,0.7268750667572021,0.7268750667572021,0.7945537121286002,1.542652751099939,1.5,0.785392984833218,0.973547101020813,0.9768065214157104,0.9966442883014679,0.0,1.0000000094925512,False,0.6529581546783447,27.85934829711914,38.851200103759766,3.08115816116333,1.6478580314344338,13.924081563949585
5,0.25,topk,34,68,0.060811106115579605,16.0,0.14705882352941177,39.75483322143555,0.017451640218496323,0.9999998211860657,0.4077084958553314,0.4406835436820984,False,0.15765070246549315,13.62338231856584,16,0.13899163655945734,0.788139283657074,0.8007575273513794,0.9842421412467957,0.0,0.9999999996613542,0.36931174993515015,0.8277183771133423,False,0.7759449600709093,1.647338860590981,1,0.7270927987793293,0.9126900434494019,0.9223775863647461,0.989497184753418,0.0,1.0000000193237486,0.3885101228952408,0.6342009603977203,0.46679783126820124,7.6353605895784105,8.5,0.4330422176693933,0.8504146635532379,0.8615675568580627,0.9868696630001068,0.0,1.0000000094925514,False,1.2073777914047241,45.731842041015625,39.75487518310547,11.146096587181091,5.942591172658299,13.990847826004028
5,0.5,topk,34,68,0.06957616657018661,16.0,0.14705882352941177,42.17582702636719,0.01851440966129303,0.9999998211860657,0.6384667754173279,0.6384667754173279,False,0.44835110052044636,4.564174926453942,4,0.4049430102651881,0.8482080101966858,0.8616649508476257,0.9843826293945312,0.0,0.9999999996613542,0.336844801902771,0.7700318694114685,False,0.67945033818973,2.1235969917463753,1,0.6238885142929749,0.8869677782058716,0.9009857177734375,0.9844415187835693,0.0,1.0000000193237484,0.48765578866004944,0.7042493224143982,0.5639007193550882,3.3438859591001586,2.5,0.5144157622790815,0.8675878942012787,0.8813253343105316,0.9844120740890503,0.0,1.0000000094925512,False,1.370635986328125,44.90092086791992,42.17572021484375,22.45849609375,12.191190153469558,14.186552286148071
6,0.0,topk,34,68,0.01002840418368578,16.0,0.014705882352941176,71.0130615234375,0.031173424795269966,0.9818086624145508,0.9996488690376282,0.9996488690376282,True,0.9998134506698806,1.0003731768287663,1,0.9998546516387109,0.9999409914016724,0.9999687075614929,0.9999722838401794,0.0,0.9999999996613542,0.6933907866477966,0.6933907866477966,False,0.31082013853715307,3.831742430331101,4,0.31002593829355113,0.9973486661911011,0.997357189655304,0.9999914169311523,0.0,1.0000000193237484,0.8465198278427124,0.8465198278427124,0.6553167946035168,2.4160578035799336,2.5,0.654940294966131,0.9986448287963867,0.9986629486083984,0.9999818503856659,0.0,1.0000000094925512,False,0.12531495094299316,16.528400421142578,71.010986328125,0.12531495094299316,0.31605430269156026,13.654199600219727
6,0.025,topk,34,68,0.014586326666176319,16.0,0.19117647058823528,38.185367584228516,0.01676267385482788,0.9999998807907104,0.9942898750305176,0.9942898750305176,True,0.9815672779096636,1.0378100816671978,1,0.9914509607806198,1.0023210048675537,1.0026979446411133,0.9996241331100464,0.0,0.9999999996613543,0.7690439820289612,0.7690439820289612,False,0.9295023511189768,1.1514410977005767,1,0.9340845980171448,0.9997824430465698,1.0000008344650269,0.9997815489768982,0.0,1.0000000193237484,0.8816669285297394,0.8816669285297394,0.9555348145143202,1.0946255896838872,1.0,0.9627677793988823,1.0010517239570618,1.00134938955307,0.9997028410434723,0.0,1.0000000094925514,False,0.2887031137943268,21.376079559326172,38.18555450439453,1.24334197640419,0.8045936091776285,14.054314851760864
6,0.0625,topk,34,68,0.03273192420601845,16.0,0.17647058823529413,39.13787078857422,0.017180802300572395,0.999999463558197,0.9777601957321167,0.9777601957321167,True,0.9542115849970602,1.0980823764708547,1,0.9491270353462458,0.984115481376648,0.9873488545417786,0.9967252016067505,0.0,0.9999999996613543,0.2747601270675659,0.9504591226577759,False,0.9069323547524926,1.2143463523098286,1,0.8922993399986472,0.98119056224823,0.9852885603904724,0.9958407878875732,0.0,1.0000000193237484,0.6262601613998413,0.9641096591949463,0.9305719698747763,1.1562143643903418,1.0,0.9207131876724465,0.982653021812439,0.9863187074661255,0.9962829947471619,0.0,1.0000000094925514,False,0.6264873743057251,24.538188934326172,39.13800811767578,3.0726128816604614,1.6503272655276988,13.970088958740234
6,0.25,topk,34,68,0.060507819056510925,16.0,0.16176470588235295,41.82025909423828,0.018358321860432625,0.9999996423721313,0.44034212827682495,0.44034212827682495,False,0.48456816922384377,3.0033323041596947,3,0.46886406502150957,0.9460681676864624,0.9569828510284424,0.988594651222229,0.0,0.9999999996613542,0.6411159038543701,0.6411159038543701,False,0.2963023194712481,6.540182701152883,5,0.2874859014086093,0.846250593662262,0.862966775894165,0.9806293845176697,0.0,1.0000000193237484,0.5407290160655975,0.5407290160655975,0.39043524434754595,4.771757502656289,4.0,0.37817498321505943,0.8961593806743622,0.9099748134613037,0.9846120178699493,0.0,1.0000000094925512,False,1.260287880897522,42.29145812988281,41.82018280029297,11.715333580970764,6.308500223861599,13.972530603408813
6,0.5,topk,34,68,0.07315687090158463,16.0,0.11764705882352941,47.5291633605957,0.020864427089691162,0.9999991059303284,0.5921746492385864,0.5921746492385864,False,0.4056184097398966,5.181772008870456,6,0.3600028143276109,0.8688743114471436,0.8769831657409668,0.990753710269928,0.0,0.9999999996613541,0.6560510993003845,0.6560510993003845,False,0.30440418374851863,6.893343472498817,8,0.2841936412328065,0.8395819664001465,0.8517856597900391,0.9856728315353394,0.0,1.0000000193237484,0.6241128742694855,0.6241128742694855,0.3550112967442076,6.037557740684637,7.0,0.3220982277802087,0.854228138923645,0.8643844127655029,0.9882132709026337,0.0,1.0000000094925512,False,1.5191988945007324,37.80321502685547,47.5289306640625,25.283664226531982,14.773634915048435,13.970279693603516
7,0.0,topk,34,68,0.004104933235794306,16.0,0.04411764705882353,102.6920166015625,0.045079901814460754,0.9788429141044617,0.9996598362922668,0.9996598362922668,True,0.9999666303192608,1.0000667513378376,1,1.0003419679577141,1.0003666877746582,1.000382423400879,0.9999842643737793,0.0,0.9999999996613542,0.9996759295463562,0.9996759295463562,True,0.9998655646106626,1.0002689534643394,1,0.9996566743927573,0.9997820854187012,0.999788761138916,0.9999932646751404,0.0,1.0000000193237486,0.9996678829193115,0.9996678829193115,0.9999160974649617,1.0001678524010886,1.0,0.9999993211752357,1.0000743865966797,1.0000855922698975,0.9999887645244598,0.0,1.0000000094925514,True,0.05699027329683304,17.280200958251953,102.68739318847656,0.05699027329683304,0.20486859817989855,13.61891484260559
7,0.025,topk,34,68,0.013791745528578758,16.0,0.25,37.95109939575195,0.016659831628203392,0.9999914169311523,0.9969204068183899,0.9969204068183899,True,0.9928161091532198,1.014517901279261,1,1.0001545324610408,1.0017563104629517,1.0021991729736328,0.9995580315589905,0.0,0.9999999996613543,0.9927281737327576,0.9927281737327576,True,0.9812863527307909,1.0384056944937154,1,0.9934617994558381,1.0020536184310913,1.0026565790176392,0.9993987083435059,0.0,1.0000000193237484,0.9948242902755737,0.9948242902755737,0.9870512309420054,1.0264617978864883,1.0,0.9968081659584395,1.0019049644470215,1.002427875995636,0.9994783699512482,0.0,1.0000000094925514,True,0.25156694650650024,20.956661224365234,37.95066833496094,1.2003336548805237,0.7433007467605907,13.887699365615845
7,0.0625,topk,34,68,0.03321852907538414,16.0,0.27941176470588236,37.80420684814453,0.016595350578427315,0.9999997615814209,0.9215849041938782,0.9215849041938782,True,0.9198169203355253,1.1805912346127558,1,0.9168727166031992,0.981139600276947,0.9843553304672241,0.9967331886291504,0.0,0.9999999996613542,0.9535381197929382,0.9535381197929382,True,0.9255139479496092,1.1667405285095858,1,0.913491530383278,0.9829139709472656,0.9857121706008911,0.9971612691879272,0.0,1.0000000193237484,0.9375615119934082,0.9375615119934082,0.9226654341425673,1.173665881561171,1.0,0.9151821234932387,0.9820267856121063,0.9850337505340576,0.9969472289085388,0.0,1.0000000094925512,True,0.6177555322647095,24.301908493041992,37.804222106933594,2.980519413948059,1.6233495832810945,13.896410942077637
7,0.25,topk,34,68,0.061139363795518875,16.0,0.25,43.448890686035156,0.019073262810707092,0.9999998807907104,0.502353310585022,0.502353310585022,False,0.26801848840928477,8.483279331418101,9,0.22485259719552733,0.8178263306617737,0.8363434672355652,0.977859377861023,0.0,0.9999999996613542,0.2975606918334961,0.6121463179588318,False,0.6085969005550075,2.024444049845096,2,0.5922641449311635,0.9642635583877563,0.9645025134086609,0.9997522830963135,0.0,1.0000000193237482,0.39995700120925903,0.5572498142719269,0.4383076944821461,5.253861690631599,5.5,0.4085583710633454,0.891044944524765,0.900422990322113,0.9888058304786682,0.0,1.0000000094925512,False,1.2245972156524658,37.389774322509766,43.44888687133789,12.086818933486938,6.787943865859974,13.900325536727905
7,0.5,topk,34,68,0.07376587390899658,16.0,0.22058823529411764,45.530181884765625,0.01998690888285637,1.0,0.513126790523529,0.513126790523529,False,0.23220546337346576,9.066601416029185,9,0.1798286861921692,0.7568337917327881,0.7841388583183289,0.9651783108711243,0.0,0.9999999996613542,0.3553464710712433,0.610319972038269,False,0.509600866126052,2.361911547036748,2,0.4843532489072319,0.9469457864761353,0.9474061131477356,0.999514102935791,0.0,1.0000000193237484,0.43423663079738617,0.561723381280899,0.37090316474975893,5.714256481532966,5.5,0.3320909675497006,0.8518897891044617,0.8657724857330322,0.9823462069034576,0.0,1.0000000094925512,False,1.4965332746505737,42.69636917114258,45.53004455566406,24.261555552482605,14.05718455303125,14.124251127243042
8,0.0,topk,34,68,0.0086982948705554,16.0,0.0,81.32275390625,0.03569918870925903,0.9779006838798523,0.21539373695850372,0.9997260570526123,False,0.9999321118633561,1.0001358234619138,1,0.999848741870175,0.999907910823822,0.9999198317527771,0.9999880790710449,0.0,0.9999999996613541,0.9996792674064636,0.9996792674064636,True,0.9997640370223118,1.0004721404525678,1,0.9998845997900755,1.0001109838485718,1.0001239776611328,0.9999868869781494,0.0,1.0000000193237484,0.6075365021824837,0.999702662229538,0.999848074442834,1.0003039819572408,1.0,0.9998666708301253,1.000009447336197,1.000021904706955,0.9999874830245972,0.0,1.0000000094925512,False,0.11828620731830597,17.52693748474121,81.32212829589844,0.11828620731830597,0.3042937175212916,13.669598579406738
8,0.025,topk,34,68,0.01699942536652088,16.0,0.20588235294117646,37.54001998901367,0.016479376703500748,0.9999997615814209,0.21540573239326477,0.9970168471336365,False,0.9927879825099373,1.014572492760069,1,0.9950714127645091,0.9988139867782593,0.9991735219955444,0.999640166759491,0.0,0.9999999996613542,0.9938156008720398,0.9938156008720398,True,0.9847559252349722,1.0311595828279134,1,0.9878728355173255,0.9960698485374451,0.9963977336883545,0.9996709227561951,0.0,1.0000000193237486,0.6046106666326523,0.9954162240028381,0.9887719538724548,1.022866037793991,1.0,0.9914721241409172,0.9974419176578522,0.9977856278419495,0.999655544757843,0.0,1.0000000094925514,False,0.29311808943748474,20.35576629638672,37.53986740112305,1.231614774465561,0.7329223657686402,13.981622219085693
8,0.0625,topk,34,68,0.033545929938554764,16.0,0.22058823529411764,41.07331466674805,0.018030427396297455,0.9999994039535522,0.8614404797554016,0.8614404797554016,False,0.7792450199655881,1.623954126073626,1,0.7914107264375332,0.988247811794281,0.991349995136261,0.9968706965446472,0.0,0.9999999996613542,0.6823402047157288,0.7028159499168396,False,0.9485250352512746,1.1108557532221437,1,0.9487854666972164,0.9851244688034058,0.9859163165092468,0.9991968870162964,0.0,1.0000000193237484,0.7718903422355652,0.7821282148361206,0.8638850276084313,1.367404939647885,1.0,0.8700980965673748,0.9866861402988434,0.9886331558227539,0.9980337917804718,0.0,1.0000000094925512,False,0.6309033632278442,25.11663246154785,41.07318115234375,3.1979771852493286,1.7421215374582253,14.069215059280396
8,0.25,topk,34,68,0.06389429420232773,16.0,0.22058823529411764,40.24116516113281,0.017665129154920578,0.9999995231628418,0.36067914962768555,0.4609396755695343,False,0.27872037363861807,7.645762076616447,6,0.2642934540289088,0.8163095116615295,0.8280676007270813,0.9858006238937378,0.0,0.9999999996613541,0.33420127630233765,0.6747955083847046,False,0.6290564096329917,1.9832402015363249,2,0.6091321017748392,0.9672325849533081,0.9674554467201233,0.9997696280479431,0.0,1.0000000193237482,0.3474402129650116,0.5678675919771194,0.45388839163580486,4.814501139076386,4.0,0.436712777901874,0.8917710483074188,0.8977615237236023,0.9927851259708405,0.0,1.0000000094925512,False,1.298513650894165,46.17304611206055,40.24131393432617,11.358842134475708,6.126399443067846,14.009321689605713
8,0.5,topk,34,68,0.06972005218267441,16.0,0.11764705882352941,44.352325439453125,0.01946985349059105,0.9999997019767761,0.33989283442497253,0.4793279469013214,False,0.2512189798521824,9.220218780517223,8,0.19606799140783543,0.7646376490592957,0.7860556244850159,0.9727526307106018,0.0,0.9999999996613541,0.33631449937820435,0.6103429198265076,False,0.585144438266319,2.315682330954563,2,0.5739310446609993,0.970603346824646,0.9732946157455444,0.9972348809242249,0.0,1.0000000193237486,0.33810366690158844,0.5448354333639145,0.4181817090592507,5.767950555735894,5.0,0.38499951803441734,0.8676204979419708,0.8796751201152802,0.9849937558174133,0.0,1.0000000094925514,False,1.4675884246826172,59.30495071411133,44.35206604003906,23.64362144470215,13.151851978181156,13.989125967025757
9,0.0,topk,34,68,0.007070887368172407,16.0,0.07352941176470588,75.32666015625,0.0330670140683651,0.9814352989196777,0.9997173547744751,0.9997173547744751,True,0.9998256302321409,1.00034883056272,1,1.000102382746798,1.000258207321167,1.0002737045288086,0.9999845027923584,0.0,0.9999999996613542,0.9996963739395142,0.9996963739395142,True,0.9999543212570023,1.0000913205072313,1,1.0000018368199504,1.0000298023223877,1.0000382661819458,0.9999915361404419,0.0,1.0000000193237486,0.9997068643569946,0.9997068643569946,0.9998899757445716,1.0002200755349757,1.0,1.000052109783374,1.0001440048217773,1.0001559853553772,0.9999880194664001,0.0,1.0000000094925514,True,0.08927085250616074,16.626312255859375,75.3260498046875,0.08927085250616074,0.28120647323746023,14.11115550994873
9,0.025,topk,34,68,0.017956331372261047,16.0,0.22058823529411764,37.79255676269531,0.016590235754847527,0.9999990463256836,0.9965888857841492,0.9965888857841492,True,0.9903494829245125,1.0195735530352266,1,0.9945430475127022,1.0014923810958862,1.0020313262939453,0.9994621872901917,0.0,0.9999999996613542,0.9903815984725952,0.9903815984725952,True,0.9820450678972974,1.0368649549003126,1,0.977920705441084,0.993668258190155,0.9942028522491455,0.9994623064994812,0.0,1.0000000193237484,0.9934852421283722,0.9934852421283722,0.986197275410905,1.0282192539677695,1.0,0.9862318764768931,0.9975803196430206,0.9981170892715454,0.9994622468948364,0.0,1.0000000094925512,True,0.3015859127044678,19.52098274230957,37.792633056640625,1.2464017391204836,0.6902670731599059,14.31449031829834
9,0.0625,topk,34,68,0.03424815088510513,16.0,0.2647058823529412,38.90568542480469,0.017078878358006477,0.9999997615814209,0.9517504572868347,0.9517504572868347,True,0.9067183348874153,1.2150918615487698,1,0.9103842699211708,0.9689338803291321,0.974288284778595,0.9945042729377747,0.0,0.9999999996613543,0.9648066759109497,0.9648066759109497,True,0.9368267628270487,1.1388803505630698,1,0.9447478968611223,0.984549880027771,0.987571656703949,0.9969401359558105,0.0,1.0000000193237486,0.9582785665988922,0.9582785665988922,0.9217725488572319,1.17698610605592,1.0,0.9275660833911465,0.9767418801784515,0.980929970741272,0.9957222044467926,0.0,1.0000000094925514,True,0.6079922914505005,26.420127868652344,38.905582427978516,3.0395911931991577,1.652414347868554,14.120749473571777
9,0.25,topk,34,68,0.06362296640872955,16.0,0.17647058823529413,43.29991149902344,0.019007863476872444,0.9999994039535522,0.2984558939933777,0.7093575596809387,False,0.49347910953284396,3.1901372021346273,3,0.4942602571020843,0.9026573300361633,0.9166284799575806,0.9847580790519714,0.0,0.9999999996613541,0.1936308592557907,0.772498607635498,False,0.6548987568551973,2.042148011139387,2,0.7070588431660035,0.9425384402275085,0.9515306353569031,0.9905497431755066,0.0,1.0000000193237484,0.2460433766245842,0.7409280836582184,0.5741889331940206,2.6161426066370073,2.5,0.6006595501340439,0.9225978851318359,0.9340795576572418,0.987653911113739,0.0,1.0000000094925512,False,1.2333247661590576,40.1195068359375,43.300418853759766,12.058429479598999,6.770885310869507,14.176244020462036
9,0.5,topk,34,68,0.07597514986991882,16.0,0.11764705882352941,43.93510818481445,0.019286703318357468,0.9995452761650085,0.3477634787559509,0.6270655393600464,False,0.3927035491700997,5.513725828711985,7,0.33168152640696213,0.7949276566505432,0.8164717555046082,0.9736132025718689,0.47777579906051093,0.8784818069572063,0.22503556311130524,0.7355183362960815,False,0.5575255013439808,2.9635666256082778,2,0.5063791958258507,0.878363847732544,0.8962494730949402,0.9800439476966858,0.7002509076657419,0.7138968447617642,0.2863995209336281,0.681291937828064,0.47511452525704023,4.238646227160132,4.5,0.4190303611164064,0.8366457521915436,0.8563606142997742,0.9768285751342773,0.5890133533631264,0.7961893258594852,False,1.5541245937347412,44.61566162109375,43.93560028076172,23.5219247341156,13.505741253170457,14.037768602371216
10,0.0,topk,34,68,0.009830507449805737,16.0,0.029411764705882353,90.31492614746094,0.039646588265895844,0.9941285252571106,0.9639390707015991,0.9639390707015991,True,0.8013440710815359,1.5357268777818185,1,0.7956886801019132,0.9924161434173584,0.9924669861793518,0.9999487996101379,0.0,0.9999999996613542,0.9995169639587402,0.9995169639587402,True,0.9999097210027456,1.0001805685709393,1,0.9995194719286394,0.9995636940002441,0.9995932579040527,0.9999704360961914,0.0,1.0000000193237484,0.9817280173301697,0.9817280173301697,0.9006268960421407,1.2679537231763789,1.0,0.8976040760152764,0.9959899187088013,0.9960301220417023,0.9999596178531647,0.0,1.0000000094925512,True,0.1359630823135376,16.524478912353516,90.31442260742188,0.1359630823135376,0.3146584861831704,13.764788389205933
10,0.025,topk,34,68,0.01590365543961525,16.0,0.29411764705882354,38.88419723510742,0.017069444060325623,1.000000238418579,0.5305435657501221,0.5305435657501221,False,0.5145204746643448,2.250234162742742,3,0.5194014506565074,1.001805305480957,1.002044677734375,0.999761164188385,0.0,0.9999999996613542,0.7136626243591309,0.7136626243591309,False,0.5070109477231874,2.624957029040193,3,0.5123758539316053,0.9993249177932739,0.9998987317085266,0.9994261264801025,0.0,1.0000000193237484,0.6221030950546265,0.6221030950546265,0.5107657111937661,2.4375955958914677,3.0,0.5158886522940564,1.0005651116371155,1.0009717047214508,0.9995936453342438,0.0,1.0000000094925512,False,0.266079306602478,21.90152359008789,38.88421630859375,1.2381847143173217,0.6936649341808758,14.121515989303589
10,0.0625,topk,34,68,0.03453388437628746,16.0,0.16176470588235295,40.27617645263672,0.017680499702692032,0.9999996423721313,0.9527075886726379,0.9527075886726379,True,0.9506045368183105,1.1064178419161383,1,0.9387068356296112,0.9727656245231628,0.9773520231246948,0.9953073263168335,0.0,0.9999999996613542,0.9445634484291077,0.9445634484291077,True,0.9223324787412562,1.1738984159456634,1,0.9497505957885233,0.9751259684562683,0.9785745143890381,0.996475875377655,0.0,1.0000000193237484,0.9486355185508728,0.9486355185508728,0.9364685077797834,1.1401581289309008,1.0,0.9442287157090672,0.9739457964897156,0.9779632687568665,0.9958916008472443,0.0,1.0000000094925512,True,0.6125131845474243,25.659358978271484,40.276527404785156,3.1297961473464966,1.6719972985481864,13.89139723777771
10,0.25,topk,34,68,0.06130577623844147,16.0,0.23529411764705882,44.55860900878906,0.019560405984520912,0.9999997019767761,0.3129470944404602,0.6877095699310303,False,0.5072122413820257,3.6313160431759592,3,0.4398176724600234,0.8583889007568359,0.8756372928619385,0.9803019165992737,0.0,0.9999999996613542,0.8074960708618164,0.8074960708618164,False,0.6813080737844285,2.0905358856999587,2,0.6608208540717626,0.9433816075325012,0.9520050287246704,0.9909418821334839,0.0,1.0000000193237484,0.5602215826511383,0.7476028203964233,0.5942601575832271,2.8609259644379588,2.5,0.550319263265893,0.9008852541446686,0.9138211607933044,0.9856218993663788,0.0,1.0000000094925512,False,1.179874300956726,40.628108978271484,44.559051513671875,12.319637179374695,6.884816349160575,13.864964962005615
10,0.5,topk,34,68,0.07545121014118195,16.0,0.1323529411764706,46.31846618652344,0.020332951098680496,0.999999463558197,0.4961266815662384,0.4961266815662384,False,0.13493032511055048,14.237641123382089,17,0.10240593664999659,0.7159472107887268,0.7336419224739075,0.9758809804916382,0.0,0.9999999996613542,0.7686853408813477,0.7686853408813477,False,0.6523675367246021,2.3085206225775257,1,0.5898055614276116,0.8975213170051575,0.909599244594574,0.9867217540740967,0.0,1.0000000193237484,0.632406011223793,0.632406011223793,0.3936489309175763,8.273080872979808,9.0,0.3461057490388041,0.8067342638969421,0.8216205835342407,0.9813013672828674,0.0,1.0000000094925512,False,1.460508108139038,47.43994140625,46.318336486816406,24.61967635154724,13.749344300270526,13.816864490509033
11,0.0,topk,34,68,0.008150614798069,16.0,0.014705882352941176,82.89715576171875,0.03639032319188118,0.9993852376937866,0.9996659159660339,0.9996659159660339,True,0.9998796318571902,1.0002408259948996,1,0.9997425257600022,0.9998557567596436,0.9998742341995239,0.9999815225601196,0.0,0.9999999996613543,0.6031807065010071,0.7771353721618652,False,0.6163204769906208,2.20732833792946,3,0.6137381274547002,0.9955606460571289,0.995582103729248,0.9999784231185913,0.0,1.0000000193237484,0.8014233112335205,0.8884006440639496,0.8081000544239054,1.6037845819621799,2.0,0.8067403266073512,0.9977082014083862,0.997728168964386,0.9999799728393555,0.0,1.0000000094925514,False,0.0996374860405922,18.065738677978516,82.89703369140625,0.0996374860405922,0.3261767767313729,13.543602705001831
11,0.025,topk,34,68,0.018078284338116646,16.0,0.23529411764705882,38.249839782714844,0.016790974885225296,0.9999998211860657,0.9864299893379211,0.9864299893379211,True,0.9899792851036686,1.020336123465679,1,0.9950382701436656,1.0010610818862915,1.0012314319610596,0.9998299479484558,0.0,0.9999999996613541,0.5048202276229858,0.6140981912612915,False,0.7492655874597117,1.687581168051116,3,0.7530705440285342,0.9996192455291748,0.9997072815895081,0.999911904335022,0.0,1.0000000193237484,0.7456251084804535,0.8002640902996063,0.8696224362816902,1.3539586457583974,2.0,0.8740544070860999,1.0003401637077332,1.0004693567752838,0.9998709261417389,0.0,1.0000000094925512,False,0.2672540843486786,22.68202018737793,38.24980163574219,1.2234991252422334,0.8292610197442903,13.825978755950928
11,0.0625,topk,34,68,0.037519894540309906,16.0,0.1323529411764706,42.40946578979492,0.018616974353790283,0.9999996423721313,0.7238509058952332,0.7238509058952332,False,0.9625963429274439,1.0790158931801621,1,0.9685336770156563,0.9913612604141235,0.9922463893890381,0.9991079568862915,0.0,0.9999999996613542,0.3394763469696045,0.8542053699493408,False,0.7301652637937464,1.812147205099859,2,0.730569659360143,0.9718233942985535,0.9761568903923035,0.9955607056617737,0.0,1.0000000193237484,0.5316636264324188,0.789028137922287,0.8463808033605951,1.4455815491400106,1.5,0.8495516681878996,0.9815923273563385,0.9842016398906708,0.9973343312740326,0.0,1.0000000094925512,False,0.6817619800567627,24.44404411315918,42.40904998779297,3.3323276042938232,1.8549128649623767,13.716005563735962
11,0.25,topk,34,68,0.056840088218450546,16.0,0.1323529411764706,49.138179779052734,0.021570755168795586,0.9999986886978149,0.37036997079849243,0.7995467782020569,False,0.7307484936458114,1.8480230131098971,1,0.6773612979321161,0.9241620898246765,0.9366417527198792,0.9866761565208435,0.0,0.9999999996613542,0.7373676300048828,0.7373676300048828,False,0.5676622201543752,2.9700563767169528,2,0.5499393809485514,0.8697752356529236,0.8917110562324524,0.9754002690315247,0.0,1.0000000193237486,0.5538688004016876,0.7684572041034698,0.6492053569000933,2.409039694913425,1.5,0.6136503394403338,0.8969686627388,0.9141764044761658,0.9810382127761841,0.0,1.0000000094925514,False,1.0724413394927979,44.52899932861328,49.13815689086914,13.356980562210083,8.082183301574164,13.783377885818481
11,0.5,topk,34,68,0.06817375123500824,16.0,0.14705882352941177,45.61509323120117,0.02002418413758278,0.9999999403953552,0.45850205421447754,0.4603864848613739,False,0.8868047211095779,1.2693558803499043,1,1.054780279996847,0.9493361711502075,0.9498159885406494,0.9994948506355286,0.0,0.9999999996613542,0.7362537980079651,0.7362537980079651,False,0.677556940173201,2.140462977007531,1,0.779385705116446,0.8761727213859558,0.8923563361167908,0.9818641543388367,0.0,1.0000000193237484,0.5973779261112213,0.5983201414346695,0.7821808306413894,1.7049094286787176,1.0,0.9170829925566466,0.9127544462680817,0.9210861623287201,0.9906795024871826,0.0,1.0000000094925512,False,1.3020974397659302,50.70561981201172,45.614986419677734,24.109590649604797,13.809137857183401,13.826658964157104
